score,input_string,translated_string,translated_CER,translated_WER,target_CER,target_CER_sum,target_WER,unique_id's,speaker_id's,length_deviation_words,audio_name,audio_path,trans_CER,trans_WER
1,klar flaske børste kort grønn sjakk hjerne frakk klappe kurv,"breret, fraska, døle, erna, ring, røsjæl, fyrtum, kjøle, og hatt,",,,"[0.25, 0.3333333333333333, 0.0, 0.3333333333333333, 0.25, 0.0, 0.5, 0.25, 0.2, 0.0]",2.1166666666666667,0.7,"['d19', 'd07', 'a11', 'a07', 'a12', 'a01', 'a13', 'a06', 'a27']","['a27', 'a11', 'a12', 'a01', 'd07', 'd19', 'a13', 'a07', 'a06', 'a11']",0,words_0_10.wav,../3x10_Concatenations/3x10_score_1_mixed,"[1.5, 0.5, 0.8333333333333334, 1.25, 0.8, 1.0, 1.1666666666666667, 1.2, 1.0, 1.25]",1.0
1,krabbe dyne hjørne grave horn kort hjørne søt krabbe støvel,kåts? kåts kåts kåts kåts kåts kåts kåts kåts kåts kåts kåts kåts kåts kåts kåts kåts kåts kåts kåts kåts kåts kåts kåts kåts kåts kåts kåts kåts kåts kåts kåts kåts kåts kåts kåts kåts kåts kåts kåts kåts kåts kåts kåts kåts kåts kåts kåts kåts kåts kåts kåts kåts kåts kåts kåts kåts kåts kåts kåts kåts kåts kåts kåts kåts kåts kåts kåts kåts kåts kåts kåts kåts kåts kåts kåts kåts kåts kåts kåts kåts kåts kåts kåts kåts kåts kåts kåts kåts kåts kåts kåts kåts kåts kåts kåts kåts kåts kåts kåts kåts kåts kåts kåts kåts kåts kåts kåts kåts kåts kåts,,,"[0.2, 0.25, 0.5, 0.6, 0.0, 0.3333333333333333, 0.5, 0.0, 0.2, 0.16666666666666666]",2.75,0.8,"['d08', 'a34', 'a11', 'a07', 'a25', 'a13', 'd09', 'a06']","['a13', 'a11', 'a07', 'd09', 'a34', 'a25', 'a06', 'a07', 'a07', 'd08']",101,words_10_20.wav,../3x10_Concatenations/3x10_score_1_mixed,9.11864406779661,11.1
2,drue fortid klo planke kart fort brun frukt blad brun,hva? hiddela hitt hitt hitt hitt hitt hitt hitt hitt hitt hitt hitt hitt hitt hitt hitt hitt hitt hitt hitt hitt hitt hitt hitt hitt hitt hitt hitt hitt hitt hitt hitt hitt hitt hitt hitt hitt hitt hitt hitt hitt hitt hitt hitt hitt hitt hitt hitt hitt hitt hitt hitt hitt hitt hitt hitt hitt hitt hitt hitt hitt hitt hitt hitt hitt hitt hitt hitt hitt hitt hitt hitt hitt hitt hitt hitt hitt hitt hitt hitt hitt hitt hitt hitt hitt hitt hitt hitt hitt hitt hitt hitt hitt hitt hitt hitt hitt hitt hitt hitt hitt hitt hitt hitt hitt hitt hitt hitt hitt hitt hitt hitt hitt hitt hitt hitt hitt hitt hitt hitt hitt hitt hitt hitt hitt hitt hitt hitt hitt hitt hitt hitt hitt hitt hitt hitt hitt hitt hitt hitt hitt hitt hitt hitt hitt hitt hitt,,,"[0.5, 0.6, 0.3333333333333333, 0.6666666666666666, 0.3333333333333333, 0.3333333333333333, 0.5, 0.6, 0.25, 0.25]",4.366666666666667,1.0,"['a30', 'a03', 'a32', 'a29', 'a21', 'a11', 'a25', 'a26', 'a08', 'd08']","['d08', 'a11', 'a32', 'a21', 'a25', 'a30', 'a29', 'a08', 'a03', 'a26']",138,words_0_10.wav,../3x10_Concatenations/3x10_score_2_mixed,13.716981132075471,14.8
2,blomst glad blad ødelagt kurv enhjørning huske glorie ugle blod,høte? høte? høte? grær? du? skålte? ekkun? katana? krima? shake? krim?,,,"[0.6666666666666666, 0.3333333333333333, 0.25, 0.7142857142857143, 0.25, 0.5714285714285714, 0.4, 0.5, 0.5, 0.3333333333333333]",4.519047619047619,1.0,"['a17', 'd07', 'a10', 'a23', 'a11', 'a26', 'a06']","['a06', 'a10', 'a11', 'a17', 'a06', 'a23', 'a11', 'd07', 'a11', 'a26']",1,words_10_20.wav,../3x10_Concatenations/3x10_score_2_mixed,0.9523809523809523,1.1
2,skjerm plystre bygge blyant blomst bror kjerne kropp øre troll,kikker fri ging shell shell kjerebbeln løber shen en slik,,,"[0.25, 0.5714285714285714, 0.5, 0.3333333333333333, 0.5, 0.5, 0.25, 0.25, 0.3333333333333333, 0.25]",3.738095238095238,1.0,"['a09', 'a03', 'a14', 'a07', 'a12', 'a01', 'a13', 'a08']","['a07', 'a08', 'a09', 'a03', 'a01', 'a14', 'a13', 'a12', 'a01', 'a07']",0,words_20_30.wav,../3x10_Concatenations/3x10_score_2_mixed,"[0.6666666666666666, 0.8571428571428571, 0.8, 1.0, 1.0, 2.25, 0.8333333333333334, 1.0, 1.0, 1.0]",1.0
2,skip vindu ugle glorie blomst tårn artist artist torne skjerf,"svemmer, prante, småd, der, fru-vin, fru-ve, gras, kjiddet, kan fru-t",,,"[0.3333333333333333, 0.6, 0.5, 0.6666666666666666, 0.6666666666666666, 0.3333333333333333, 0.6, 0.6, 0.5, 0.5]",5.3,1.0,"['a09', 'a02', 'a25', 'a01', 'a08', 'a13', 'a15', 'd08', 'a06']","['a01', 'd08', 'a09', 'a15', 'a25', 'a08', 'a02', 'a13', 'a25', 'a06']",0,words_30_40.wav,../3x10_Concatenations/3x10_score_2_mixed,"[1.75, 1.2, 1.25, 0.8333333333333334, 1.3333333333333333, 1.75, 0.6666666666666666, 1.1666666666666667, 0.8, 1.0]",1.0
2,sjiraff skøyter enhjørning svart glitter planke pluss skjorte glad glitter,grupp! ljøn kjø! tjannin! grupp! skitten! tjann! flavte! stib! puts! grupp!,,,"[0.4, 0.2, 0.42857142857142855, 0.5, 0.5, 0.5, 0.25, 0.5, 0.3333333333333333, 0.6666666666666666]",4.2785714285714285,1.0,"['a09', 'a03', 'a32', 'd10', 'a10', 'a01', 'a26', 'a05', 'a27']","['a27', 'a10', 'a32', 'd10', 'a01', 'a01', 'a03', 'a26', 'a09', 'a05']",1,words_40_50.wav,../3x10_Concatenations/3x10_score_2_mixed,0.7702702702702703,1.1
2,sur glis premie ekorn horn stjerne rød skjørt fjorten støvel,da? flek! hende! skåter! dinda! helt! helt! helt! helt! helt! flek! du er her! du er her!,,,"[0.3333333333333333, 0.5, 0.6666666666666666, 0.5, 0.3333333333333333, 0.6666666666666666, 0.0, 0.3333333333333333, 0.6, 0.6666666666666666]",4.6,0.9,"['a17', 'a21', 'a07', 'a25', 'a18', 'a13', 'a15', 'a33']","['a25', 'a18', 'a07', 'a15', 'a17', 'a33', 'a17', 'a25', 'a13', 'a21']",7,words_50_60.wav,../3x10_Concatenations/3x10_score_2_mixed,1.1333333333333333,1.7
2,skitten klo kort sølv ugle gartner garn trapp fly skitten,shale selt kjør søtte sjølol brut kjør prøvstet sj,,,"[0.0, 0.3333333333333333, 0.3333333333333333, 0.3333333333333333, 0.5, 0.3333333333333333, 0.3333333333333333, 0.5, 0.3333333333333333, 0.5]",3.5,0.9,"['d19', 'a02', 'a34', 'a23', 'a07', 'a25', 'a12', 'a28', 'd09']","['a25', 'a23', 'a34', 'a07', 'a28', 'a23', 'd09', 'a02', 'a12', 'd19']",-1,words_60_70.wav,../3x10_Concatenations/3x10_score_2_mixed,0.7368421052631579,1.0
2,kikkert tårn søle gartner flagg trapp ugle fly glitter skulder,"ønker det? ja, ikkje hjørn pristre to smil blut brøk giran",,,"[0.4, 0.3333333333333333, 0.5, 0.5, 0.5, 0.5, 0.25, 0.6666666666666666, 0.5, 0.42857142857142855]",4.578571428571429,1.0,"['d02', 'a20', 'a16', 'a21', 'a23', 'a07', 'a12', 'a01', 'a33']","['a33', 'a01', 'd02', 'a12', 'a23', 'a07', 'a07', 'a20', 'a16', 'a21']",1,words_70_80.wav,../3x10_Concatenations/3x10_score_2_mixed,0.7741935483870968,1.1
3,by gartner kurv bror skjære trykk hylle rike klappe øre,"cinke brut, sharn, ljus snow blåstey, tjør, bloms, tjør, børst",,,"[0.5, 0.8333333333333334, 0.5, 0.5, 0.75, 0.75, 0.5, 0.5, 0.8, 0.6666666666666666]",6.300000000000001,1.0,"['a17', 'a08', 'a21', 'a22', 'a19', 'a26', 'a15', 'a06', 'a27']","['a21', 'a22', 'a17', 'a27', 'a15', 'a26', 'a08', 'a15', 'a19', 'a06']",0,words_0_10.wav,../3x10_Concatenations/3x10_score_3_mixed,"[2.5, 0.8571428571428571, 1.25, 1.0, 0.8333333333333334, 1.4, 1.0, 1.5, 1.0, 1.0]",1.0
3,flette torne frø bleie svømme grave kvart sur fort klappe,sive sølg gjørene gjellis til deg? plante for å lite prøv sjønn drik,,,"[0.8, 0.5, 0.6666666666666666, 0.75, 0.8, 0.8, 0.75, 0.6666666666666666, 0.6666666666666666, 0.8]",7.2,1.0,"['a30', 'a09', 'a32', 'a22', 'a18', 'a01', 'a28', 'a13', 'a08']","['a28', 'a28', 'a01', 'a13', 'a18', 'a08', 'a32', 'a30', 'a22', 'a09']",3,words_10_20.wav,../3x10_Concatenations/3x10_score_3_mixed,0.9298245614035088,1.3
3,dyne kjerne buss plystre krykke fugl tjern drikke brød sykkel,grittet blame fortit bro glenn inns medrun turen gyr skive,,,"[0.75, 0.75, 0.6666666666666666, 0.8571428571428571, 0.8, 0.6666666666666666, 0.6666666666666666, 0.8, 0.6666666666666666, 0.6]",7.223809523809524,1.0,"['a04', 'a02', 'a03', 'a09', 'a29', 'a05', 'a08', 'a06', 'a15']","['a02', 'a03', 'a15', 'a15', 'a08', 'a04', 'a09', 'a29', 'a06', 'a05']",0,words_20_30.wav,../3x10_Concatenations/3x10_score_3_mixed,"[1.5, 0.8333333333333334, 1.5, 0.8571428571428571, 1.0, 1.0, 0.8, 1.0, 1.0, 0.6666666666666666]",1.0
3,tær sjø enhjørning korn snørr klone glad svart flette rød,skikkeyt gjøvl grøvr skålka køkki pul skj sner lule,,,"[0.6666666666666666, 0.5, 0.8571428571428571, 0.6666666666666666, 0.75, 0.8, 0.3333333333333333, 0.5, 0.8, 0.5]",6.373809523809523,1.0,"['a20', 'a02', 'a14', 'a34', 'a29', 'a28', 'a13', 'a15']","['a15', 'a02', 'a28', 'a15', 'a29', 'a15', 'a34', 'a13', 'a14', 'a20']",-1,words_30_40.wav,../3x10_Concatenations/3x10_score_3_mixed,0.7894736842105263,1.0
3,bjørn troll by kvart munn lyn lyn port plaster fregner,hund? fakset? helt bjø? ball breiter? bjø? kyrf,,,"[0.5, 0.75, 0.5, 0.75, 0.3333333333333333, 0.6666666666666666, 0.6666666666666666, 0.3333333333333333, 0.8571428571428571, 0.6666666666666666]",6.023809523809524,1.0,"['d19', 'a30', 'a04', 'd12', 'd16', 'a32', 'a29', 'a16', 'a13', 'a06']","['a30', 'a13', 'd19', 'd12', 'a04', 'a29', 'a16', 'a06', 'd16', 'a32']",-2,words_40_50.wav,../3x10_Concatenations/3x10_score_3_mixed,0.8148148148148148,1.0
3,fort pute gutt blå smart svære skive klar flakse svømme,triller hiller see huske tinen begræ dyrild justi schwemme svart,,,"[0.6666666666666666, 0.75, 0.6666666666666666, 0.6666666666666666, 0.5, 0.6, 0.75, 0.5, 0.8333333333333334, 0.8]",6.7333333333333325,1.0,"['d19', 'a30', 'a09', 'a14', 'd01', 'a16', 'a11', 'a22', 'a08']","['d19', 'a30', 'a08', 'a11', 'a14', 'a22', 'a16', 'a30', 'a09', 'd01']",0,words_50_60.wav,../3x10_Concatenations/3x10_score_3_mixed,"[1.75, 1.25, 1.0, 1.6666666666666667, 1.0, 0.8, 1.0, 1.25, 1.1666666666666667, 0.6666666666666666]",1.0
3,klem rød hund korn lytte krone bleie briller klappe smør,gå søts torne beige bra dinn skj klikke klikke blå klikke,,,"[0.75, 0.5, 0.6666666666666666, 0.3333333333333333, 0.75, 0.8, 0.75, 0.8333333333333334, 0.8, 0.5]",6.683333333333334,1.0,"['a20', 'a22', 'a07', 'a01', 'a26', 'a05', 'a15', 'd09']","['d09', 'a26', 'a01', 'a26', 'a07', 'a05', 'a20', 'a22', 'a01', 'a15']",1,words_60_70.wav,../3x10_Concatenations/3x10_score_3_mixed,0.8214285714285714,1.1
3,kjerne ryke blokk glør dykke fjorten hund hjerte skjerf tralle,svart ekkun? gønne her tor? lålke løp john lyr vara grim,,,"[0.5, 0.75, 0.75, 0.75, 0.75, 0.8, 0.3333333333333333, 0.75, 0.5, 0.8]",6.683333333333333,1.0,"['a20', 'a32', 'a10', 'a16', 'a21', 'a11', 'a28', 'a33']","['a11', 'a20', 'a16', 'a10', 'a28', 'a33', 'a21', 'a21', 'a10', 'a32']",1,words_70_80.wav,../3x10_Concatenations/3x10_score_3_mixed,0.8064516129032258,1.1
3,turn ski øre svart drops skjema brå trille krakk gutt,grøy karappet stupet skjøttet trillet duet skjitten trøy blirjon,,,"[0.6666666666666666, 0.5, 0.6666666666666666, 0.75, 0.8, 0.75, 0.6666666666666666, 0.8, 0.75, 0.6666666666666666]",7.016666666666667,1.0,"['a04', 'a09', 'a29', 'a07', 'a25', 'a28', 'a15']","['a04', 'a09', 'a07', 'a04', 'a25', 'a28', 'a28', 'a29', 'a15', 'a15']",-1,words_80_90.wav,../3x10_Concatenations/3x10_score_3_mixed,0.9433962264150944,1.0
3,blyant horn trylle glør krabbe pute garn glitter krone myr,støy føl søkkel tyrich søt frikt blul stjorpet tona sier brul,,,"[0.6666666666666666, 0.6666666666666666, 0.8, 0.75, 0.8, 0.5, 0.3333333333333333, 0.8333333333333334, 0.6, 0.3333333333333333]",6.283333333333332,1.0,"['a02', 'a31', 'a21', 'a23', 'a26', 'a19', 'd08']","['a31', 'a21', 'a26', 'a23', 'd08', 'a21', 'a19', 'a02', 'a21', 'a26']",1,words_90_100.wav,../3x10_Concatenations/3x10_score_3_mixed,0.8793103448275862,1.1
3,flue sjakk klar garn glør løpe søle krykke tralle søster,kronne for dit stark skikkeyt kål nå bred stål beljent høykom,,,"[0.75, 0.6666666666666666, 0.75, 0.6666666666666666, 0.75, 0.75, 0.75, 0.8, 0.8, 0.8333333333333334]",7.516666666666666,1.0,"['d04', 'a14', 'a31', 'a21', 'a22', 'a01', 'a26', 'a27']","['a27', 'a21', 'a31', 'a22', 'd04', 'a26', 'a01', 'a14', 'a31', 'a14']",1,words_100_110.wav,../3x10_Concatenations/3x10_score_3_mixed,0.875,1.1
3,barn stjerne artist flue garn krykke søster smør plante skjørt,sør dør drop fri knad hitta traske shari kjøn,,,"[0.6666666666666666, 0.6666666666666666, 0.8, 0.75, 0.6666666666666666, 0.8, 0.8333333333333334, 0.75, 0.8333333333333334, 0.3333333333333333]",7.1,1.0,"['a09', 'a10', 'a16', 'a21', 'a22', 'a07', 'a29', 'a19', 'd08']","['a07', 'a19', 'a09', 'a16', 'a10', 'a21', 'a22', 'a29', 'd08', 'a21']",-1,words_110_120.wav,../3x10_Concatenations/3x10_score_3_mixed,0.6935483870967742,1.0
3,svare bror klo artist drue klær barn frø stjerne trille,45 turn skulde fraksø bart littere littere tuna,,,"[0.8, 0.5, 0.3333333333333333, 0.6, 0.75, 0.75, 0.6666666666666666, 0.3333333333333333, 0.8333333333333334, 0.8]",6.366666666666666,1.0,"['a30', 'a32', 'a31', 'a22', 'a11', 'a28', 'a33']","['a28', 'a30', 'a22', 'a32', 'a11', 'a28', 'a30', 'a33', 'a31', 'a30']",-2,words_120_130.wav,../3x10_Concatenations/3x10_score_3_mixed,0.7272727272727273,1.0
3,skjære sju krone tær pluss lue glorie knær grå svære,skjørr skjørr kralet sinket kål list kvarn shit klanet kyrv,,,"[0.75, 0.5, 0.4, 0.3333333333333333, 0.75, 0.6666666666666666, 0.8333333333333334, 0.5, 0.3333333333333333, 0.6]",5.666666666666666,1.0,"['d05', 'a02', 'a32', 'a07', 'a26', 'a28', 'd18', 'a15']","['d18', 'a28', 'a07', 'a32', 'd18', 'a02', 'd05', 'a15', 'a15', 'a26']",0,words_130_140.wav,../3x10_Concatenations/3x10_score_3_mixed,"[0.3333333333333333, 1.3333333333333333, 0.6, 2.0, 1.0, 1.0, 0.8333333333333334, 1.0, 2.0, 0.8]",1.0
3,drue karneval søt blomst pære skjørt hjerne sylte kart munn,"kyrak, litte, bar, sputs, pros, kagen, fraske, frakset, hilde, dår,",,,"[0.5, 0.8571428571428571, 0.6666666666666666, 0.8333333333333334, 0.5, 0.3333333333333333, 0.5, 0.8, 0.6666666666666666, 0.3333333333333333]",5.9904761904761905,1.0,"['a17', 'a21', 'a25', 'a19', 'a12', 'a05', 'a08', 'a15']","['a17', 'a17', 'a25', 'a08', 'a21', 'a12', 'a05', 'a19', 'a15', 'a15']",0,words_140_150.wav,../3x10_Concatenations/3x10_score_3_mixed,"[1.25, 0.875, 1.3333333333333333, 0.8333333333333334, 1.0, 1.0, 1.0, 1.4, 1.5, 1.0]",1.0
3,dør plaster grave prins glør trylle sølv bleie flakse sport,frøtte sær blatt sjyl grøn krean sortevel stene,,,"[0.3333333333333333, 0.8571428571428571, 0.8, 0.8, 0.75, 0.6, 0.6666666666666666, 0.5, 0.8333333333333334, 0.5]",6.64047619047619,1.0,"['d10', 'a34', 'a10', 'a29', 'a16', 'a13', 'a15', 'a06', 'a27']","['a15', 'a16', 'a10', 'a29', 'd10', 'a29', 'a06', 'a27', 'a13', 'a34']",-2,words_150_160.wav,../3x10_Concatenations/3x10_score_3_mixed,0.711864406779661,1.0
3,blomst synge kjerne hjort trylle trapp klappe ni krakk syr,hel! hel! hel! hel! hel! hel! hel! hel! hel! hel! hel! hel! hel! hel! hel! hel! hel! hel! hel! hel! hel! hel! hel! hel! hel! hel! hel! hel! hel! hel! hel! hel! hel! hel! hel! hel! hel! hel! hel! hel! hel! hel! hel! hel! hel! hel! hel! hel! hel! hel! hel! hel! hel! hel! hel! hel! hel! hel! hel! hel! hel! hel! hel! hel! hel! hel! hel! hel! hel! hel! hel! hel! hel! hel! hel! hel! hel! hel! hel! hel! hel! hel! hel! hel! hel! hel! hel! hel! hel! hel! hel! hel! hel! hel! hel! hel! hel! hel! hel! hel! hel! hel! hel! hel! hel! hel! hel! hel! hel! hel! hel! hel! hel! hel! hel! hel! hel! hel! hel! hel! hel! hel! hel! hel! hel! hel! hel! hel! hel! hel! hel! hel! hel! hel! hel! hel! hel! hel! hel! hel! hel! hel! hel! hel! hel! hel! hel! hel! hel! hel! hel! hel! hel! hel! hel! hel! hel! hel! hel! hel! hel! hel! hel! hel! hel! hel! hel! hel! hel! hel! hel! hel! hel! hel! hel! hel! hel! hel! hel! hel! hel! hel! hel! hel! hel! hel! hel! hel! hel! hel! hel! hel! hel! hel! hel! hel! hel! hel! hel! hel! hel! hel! hel! hel! hel! hel! hel! hel! hel! hel! hel! hel! hel! hel! hel! hel! hel! hel! hel! hel! hel! hel!,,,"[0.8333333333333334, 0.75, 0.75, 0.3333333333333333, 0.8, 0.5, 0.8, 0.5, 0.75, 0.6666666666666666]",6.6833333333333345,1.0,"['a02', 'a10', 'a21', 'a29', 'a12', 'a18', 'a08', 'a28', 'a05', 'a15']","['a02', 'a15', 'a10', 'a05', 'a12', 'a28', 'a08', 'a21', 'a18', 'a29']",212,words_160_170.wav,../3x10_Concatenations/3x10_score_3_mixed,18.79310344827586,22.2
3,sylte kurv syl kurv dyne tjern pute enhjørning krone prins,karne brad gyris sestyn sfart skitten gakka lekker brad kral,,,"[0.8, 0.75, 0.6666666666666666, 0.5, 0.75, 0.3333333333333333, 0.75, 0.8571428571428571, 0.8, 0.8]",7.007142857142857,1.0,"['a32', 'd10', 'a31', 'a34', 'a16', 'a01', 'd18', 'a08']","['a34', 'a01', 'a31', 'd10', 'a01', 'a08', 'a32', 'a08', 'a16', 'd18']",0,words_170_180.wav,../3x10_Concatenations/3x10_score_3_mixed,"[0.8, 1.0, 1.3333333333333333, 1.5, 1.25, 1.0, 1.25, 0.9, 0.8, 0.8]",1.0
3,hus terning horn barn flue glør hus pluss kurv søt,lin blomst jan vi er ikke det litt bare kroppet bra bra,,,"[0.6666666666666666, 0.4, 0.6666666666666666, 0.6666666666666666, 0.75, 0.5, 0.6666666666666666, 0.75, 0.75, 0.6666666666666666]",6.483333333333333,1.0,"['d19', 'd02', 'a17', 'd01', 'a10', 'a22', 'a11', 'a05', 'a06']","['a11', 'a10', 'd01', 'a22', 'a22', 'a05', 'a06', 'a17', 'd19', 'd02']",2,words_180_190.wav,../3x10_Concatenations/3x10_score_3_mixed,0.9,1.2
3,skøyter lytte fjorten blokk klone gartner ekorn sky grave løpe,"arter, boll, kyrf, øggen, fri, gullen, brok, grøn, løn, ti opp",,,"[0.8, 0.75, 0.6, 0.5, 0.8, 0.6666666666666666, 0.5, 0.5, 0.8, 0.75]",6.666666666666667,1.0,"['a09', 'a32', 'a31', 'd11', 'a01', 'a26', 'a28', 'd18']","['a28', 'd11', 'a09', 'a01', 'a31', 'a26', 'a28', 'd18', 'a09', 'a32']",1,words_190_200.wav,../3x10_Concatenations/3x10_score_3_mixed,0.8225806451612904,1.1
3,briller hjort ku tjern sport trikk port skitten dyne turn,miske og sjvade føl jære bart klippet shater irra jævde,,,"[0.8333333333333334, 0.6666666666666666, 0.5, 0.3333333333333333, 0.5, 0.75, 0.6666666666666666, 0.25, 0.75, 0.6666666666666666]",5.916666666666667,1.0,"['a04', 'a14', 'd06', 'a10', 'a22', 'a25', 'a07', 'a12', 'a13']","['a14', 'a04', 'a25', 'a10', 'a25', 'a22', 'a07', 'a13', 'a12', 'd06']",0,words_200_210.wav,../3x10_Concatenations/3x10_score_3_mixed,"[0.7142857142857143, 0.8, 3.0, 1.0, 0.8, 1.0, 1.25, 0.5714285714285714, 1.0, 1.25]",1.0
3,by drikke by skjære hus synge bro krykke fjorten horn,"ius, bryjant, svar, sik, gloria, kjøn, tøn, finge, forditt, prøs,",,,"[0.5, 0.8, 0.5, 0.75, 0.6666666666666666, 0.75, 0.6666666666666666, 0.8, 0.6, 0.6666666666666666]",6.7,1.0,"['d19', 'a09', 'a02', 'a31', 'a23', 'a22', 'a19', 'a12', 'a08']","['a19', 'a31', 'a09', 'd19', 'a08', 'a12', 'a12', 'a22', 'a02', 'a23']",0,words_210_220.wav,../3x10_Concatenations/3x10_score_3_mixed,"[2.0, 1.1666666666666667, 2.5, 0.8333333333333334, 2.3333333333333335, 1.0, 1.3333333333333333, 1.0, 0.7142857142857143, 1.25]",1.0
3,sulte port ryke kropp by nøkkel krykke bart blå brød,grøy godt drur grur kyrf findel floske please godtne gjørne,,,"[0.8, 0.6666666666666666, 0.5, 0.75, 0.0, 0.6, 0.6, 0.6666666666666666, 1.0, 0.6666666666666666]",6.250000000000001,0.9,"['a04', 'a23', 'a25', 'a12', 'a01', 'a28', 'a13', 'd03', 'a27']","['a23', 'a23', 'a28', 'a27', 'a01', 'a25', 'a12', 'a04', 'a13', 'd03']",0,words_220_230.wav,../3x10_Concatenations/3x10_score_3_mixed,"[1.0, 0.5, 1.0, 0.8, 1.5, 0.6666666666666666, 0.6666666666666666, 1.25, 2.0, 1.25]",1.0
3,krone hjort bjørn gris skive skilpadde bjørn glis ørn jus,kremet høyt grud jøn støvret grøv sjema kyr kjennen lys,,,"[0.6, 0.3333333333333333, 0.5, 0.75, 0.75, 0.7142857142857143, 0.5, 0.5, 0.5, 0.6666666666666666]",5.814285714285715,1.0,"['a03', 'a32', 'a23', 'a25', 'a26', 'a13', 'a08', 'd09']","['a03', 'a25', 'a32', 'a32', 'a23', 'a08', 'a13', 'a26', 'd09', 'a23']",0,words_230_240.wav,../3x10_Concatenations/3x10_score_3_mixed,"[0.6, 0.6, 1.0, 1.0, 0.8, 1.0, 0.8, 1.0, 2.0, 0.6666666666666666]",1.0
3,brå bleie klappe klappe sølv stupe flaske tær støvel tynn,smart blomst oj mik krav smikke røy den? den? den? kortid,,,"[0.6666666666666666, 0.75, 0.8, 0.8, 0.6666666666666666, 0.6, 0.6666666666666666, 0.6666666666666666, 0.8333333333333334, 0.3333333333333333]",6.783333333333332,1.0,"['a30', 'a20', 'a03', 'a32', 'a34', 'a21', 'a07', 'a01', 'a26']","['a21', 'a01', 'a30', 'a03', 'a26', 'a32', 'a20', 'a34', 'a07', 'a21']",1,words_240_250.wav,../3x10_Concatenations/3x10_score_3_mixed,0.8421052631578947,1.1
3,klappe glør kart fort ski kjerne krykke løve hjerte smart,sport sport kro forten grekk skulle gd a shitten treme ja bi,,,"[0.8, 0.75, 0.3333333333333333, 0.6666666666666666, 0.5, 0.25, 0.6, 0.75, 0.75, 0.5]",5.9,1.0,"['d12', 'a09', 'a14', 'a32', 'a29', 'a11', 'a25', 'a08', 'd09', 'a06']","['a29', 'a08', 'a11', 'a25', 'a06', 'a14', 'a32', 'd12', 'a09', 'd09']",2,words_250_260.wav,../3x10_Concatenations/3x10_score_3_mixed,0.7543859649122807,1.2
3,karneval trille stupe stjerne erter internett horn lærer kropp ryke,søl dra skitten korn og var burt prins trille trøven kjenn burt,,,"[0.8571428571428571, 0.8, 0.8, 0.8333333333333334, 0.5, 0.7142857142857143, 0.6666666666666666, 0.6, 0.75, 0.75]",7.271428571428571,1.0,"['a17', 'a02', 'a09', 'a32', 'd10', 'a16', 'a11', 'd11', 'a01', 'a27']","['a32', 'a16', 'a11', 'a09', 'a02', 'a01', 'd11', 'a27', 'd10', 'a17']",2,words_260_270.wav,../3x10_Concatenations/3x10_score_3_mixed,0.7761194029850746,1.2
3,ødelagt blod stjerne hund sky start briller bart hytte smart,"blomst, svart, skjern, løven, hun, løn, blittet, gult, gult, gult, trepp,",,,"[0.8571428571428571, 0.3333333333333333, 0.6666666666666666, 0.3333333333333333, 0.5, 0.75, 0.6666666666666666, 0.6666666666666666, 0.75, 0.75]",6.273809523809524,1.0,"['a30', 'd05', 'a09', 'a02', 'a03', 'a21', 'a07', 'a26', 'a05', 'd09']","['a09', 'a30', 'a07', 'd05', 'a02', 'a05', 'd09', 'a26', 'a03', 'a21']",1,words_270_280.wav,../3x10_Concatenations/3x10_score_3_mixed,0.8666666666666667,1.1
4,dykke mur skjære internett dør torne frakk ødelagt sulte kjerne,siden? flaj! smitt! bro! trelle! bra! sorte! ekkon! stupe! kjørt!,,,"[1.0, 0.6666666666666666, 1.0, 0.8571428571428571, 0.6666666666666666, 0.75, 1.0, 1.0, 1.0, 0.75]",8.69047619047619,1.0,"['a30', 'a17', 'd04', 'a03', 'a32', 'a34', 'a23', 'a28', 'a15', 'd03']","['a34', 'a30', 'a32', 'a23', 'a17', 'd04', 'a03', 'a15', 'a28', 'd03']",0,words_0_10.wav,../3x10_Concatenations/3x10_score_4_mixed,"[1.2, 1.6666666666666667, 0.8333333333333334, 0.8888888888888888, 2.3333333333333335, 0.8, 1.0, 1.0, 0.8, 0.5]",1.0
4,sjiraff drue stær tjern grå karneval grave søppel skøyter søle,stupe fattelt selv breider kjære ni huske go forts gitties,,,"[1.0, 1.0, 1.0, 0.6666666666666666, 1.0, 0.8571428571428571, 0.8, 1.0, 1.0, 0.75]",9.073809523809524,1.0,"['a17', 'a26', 'a20', 'd04', 'd01', 'a23', 'd11', 'a18', 'a08', 'a19']","['a18', 'a08', 'a23', 'a17', 'a19', 'd04', 'a20', 'd01', 'a26', 'd11']",0,words_10_20.wav,../3x10_Concatenations/3x10_score_4_mixed,"[0.8571428571428571, 1.5, 0.75, 1.2, 1.3333333333333333, 0.875, 0.8, 1.0, 0.8571428571428571, 1.5]",1.0
4,frakk grave bro hjort prins tær start sjiraff krakk svære,dør lets kjøp ser du port er korn? tjøp kjøv start shingt,,,"[1.0, 0.8, 0.6666666666666666, 0.6666666666666666, 0.8, 1.0, 0.75, 1.0, 0.75, 1.0]",8.433333333333334,1.0,"['d02', 'a09', 'a03', 'd07', 'a10', 'a11', 'a26', 'a19', 'a06', 'a27']","['a09', 'd02', 'a11', 'a06', 'a26', 'a19', 'a10', 'a03', 'd07', 'a27']",2,words_20_30.wav,../3x10_Concatenations/3x10_score_4_mixed,0.8070175438596491,1.2
4,blokk flue koffert pute premie sølv klappe mus blad syl,sink stulter trik beror gjørne flue sport lund kund grøde,,,"[0.75, 1.0, 0.8, 1.0, 0.8333333333333334, 1.0, 0.8, 0.6666666666666666, 1.0, 0.6666666666666666]",8.516666666666666,1.0,"['a30', 'd10', 'd06', 'd01', 'd15', 'a19', 'a18', 'a15', 'd08', 'a06']","['d10', 'a30', 'a15', 'a06', 'd06', 'a18', 'd01', 'd15', 'd08', 'a19']",0,words_30_40.wav,../3x10_Concatenations/3x10_score_4_mixed,"[0.8, 1.25, 1.0, 1.25, 0.8333333333333334, 1.0, 1.0, 1.0, 0.75, 1.6666666666666667]",1.0
4,mus garn ørn bygge glorie knær lyn sjiraff sulte stjerne,stunke? svarlig? det er det det er skjørt någ fy pedins grøn mekken gvis,,,"[0.6666666666666666, 1.0, 1.0, 0.75, 1.0, 1.0, 1.0, 0.8, 1.0, 0.8333333333333334]",9.05,1.0,"['a20', 'a02', 'a14', 'd06', 'd17', 'a34', 'a23', 'a25', 'a26', 'a27']","['a23', 'a26', 'd17', 'd06', 'a02', 'a14', 'a27', 'a20', 'a25', 'a34']",4,words_40_50.wav,../3x10_Concatenations/3x10_score_4_mixed,1.0,1.4
4,støvel drue erter lytte by gris skjørt glis kjerne trylle,frukut kjøm og klært snir pis svammel ja sjære kjøk trulle,,,"[1.0, 0.75, 0.75, 1.0, 0.5, 0.75, 0.6666666666666666, 0.75, 0.75, 0.8]",7.716666666666666,1.0,"['d12', 'a20', 'a14', 'a31', 'd15', 'a07', 'a25', 'a26', 'a05', 'a15']","['a26', 'a20', 'd15', 'a14', 'a07', 'a25', 'a05', 'a15', 'a31', 'd12']",1,words_50_60.wav,../3x10_Concatenations/3x10_score_4_mixed,0.7543859649122807,1.1
4,stupe hjørne kort øre ødelagt børste lys frø tårn internett,"skik, fartid, fly, cykel, hilde, drikke, trille, friøten, gjør jeg den glas,",,,"[1.0, 1.0, 0.6666666666666666, 1.0, 0.8571428571428571, 1.0, 1.0, 1.0, 0.6666666666666666, 0.8571428571428571]",9.047619047619047,1.0,"['a04', 'a03', 'a31', 'a29', 'a16', 'a23', 'a05', 'a08', 'd09']","['a31', 'a03', 'a08', 'a23', 'd09', 'a05', 'a29', 'a03', 'a16', 'a04']",2,words_60_70.wav,../3x10_Concatenations/3x10_score_4_mixed,1.0,1.2
4,skip hylle sky smerte tjern svart svømme rund erter sulte,40 internet fyr af flasket juk frø fyr bry iran løfe,,,"[0.6666666666666666, 1.0, 1.0, 1.0, 0.6666666666666666, 0.75, 1.0, 0.6666666666666666, 1.0, 1.0]",8.75,1.0,"['a17', 'a20', 'd16', 'd14', 'a25', 'a33', 'a28', 'd08', 'a06', 'a27']","['a28', 'd08', 'a06', 'a25', 'a27', 'd16', 'd14', 'a33', 'a17', 'a20']",1,words_70_80.wav,../3x10_Concatenations/3x10_score_4_mixed,0.8070175438596491,1.1
4,ekorn blomst kort sverd fregner kropp lue hjørne bror jern,hysk kiske lytte gort lørre fjul kjømmer ianne kjøn frul,,,"[1.0, 0.8333333333333334, 0.6666666666666666, 0.8, 1.0, 0.75, 0.6666666666666666, 1.0, 0.75, 0.6666666666666666]",8.133333333333333,1.0,"['a17', 'a20', 'a09', 'a03', 'd11', 'a18', 'a26', 'd03']","['d03', 'a26', 'd11', 'a26', 'a18', 'a09', 'a17', 'a18', 'a03', 'a20']",0,words_80_90.wav,../3x10_Concatenations/3x10_score_4_mixed,"[1.0, 1.0, 1.0, 0.8, 0.8571428571428571, 1.0, 2.0, 0.6666666666666666, 1.0, 1.0]",1.0
4,sil port kart skjerf dykke krone løpe bygge troll krabbe,lige glitter er det? høyt! gjørte? forkid! ja! sørt! gyt! sjul!,,,"[0.6666666666666666, 0.6666666666666666, 0.6666666666666666, 0.75, 1.0, 0.8, 1.0, 0.75, 0.75, 0.8]",7.85,1.0,"['a20', 'a03', 'a14', 'a32', 'd01', 'a23', 'a11', 'a25', 'a26', 'a05']","['a25', 'a05', 'a23', 'a32', 'a11', 'a14', 'd01', 'a26', 'a03', 'a20']",1,words_90_100.wav,../3x10_Concatenations/3x10_score_4_mixed,0.9464285714285714,1.1
4,fugl korn grave ski blå flue ødelagt flue dyne fort,rikker kron inna stris syltte jørk sikkel shootte gris hvordan man,,,"[0.6666666666666666, 0.6666666666666666, 1.0, 1.0, 1.0, 1.0, 0.8571428571428571, 0.75, 1.0, 0.6666666666666666]",8.607142857142856,1.0,"['a17', 'a03', 'a34', 'a29', 'd15', 'a21', 'a12', 'a01', 'd08']","['d15', 'a12', 'a21', 'a34', 'a17', 'd08', 'a29', 'a01', 'a03', 'a03']",1,words_100_110.wav,../3x10_Concatenations/3x10_score_4_mixed,0.9607843137254902,1.1
4,lytte brå smart lys myr flaske sykkel løpe hus lyn,gjøn grøy sik sik kofi grøy grøy grøy grøy køy sjert av,,,"[1.0, 0.6666666666666666, 0.75, 0.6666666666666666, 0.6666666666666666, 0.8333333333333334, 0.8, 1.0, 1.0, 1.0]",8.383333333333333,1.0,"['a04', 'a03', 'a32', 'a31', 'a10', 'a21', 'a22', 'a15']","['a21', 'a32', 'a31', 'a10', 'a22', 'a15', 'a03', 'a04', 'a15', 'a15']",2,words_110_120.wav,../3x10_Concatenations/3x10_score_4_mixed,0.92,1.2
4,pære tjern skilpadde enhjørning smart flaske drikke trykk kikkert snø,barn barn krikke go for it fartid hur er du? jeg må se dem frøy kulf lite,,,"[1.0, 0.6666666666666666, 1.0, 1.0, 0.75, 1.0, 1.0, 1.0, 0.8, 0.6666666666666666]",8.883333333333333,1.0,"['a17', 'a04', 'a16', 'a10', 'a22', 'a26', 'd03', 'a27']","['a16', 'd03', 'a27', 'a22', 'a17', 'a26', 'a04', 'a17', 'a22', 'a10']",7,words_120_130.wav,../3x10_Concatenations/3x10_score_4_mixed,0.8260869565217391,1.7
4,pære pluss trylle skilpadde ku bro stupe sulte trikk drops,"krabbe, kart, chjane, sjør, gynne, flue, sød, sviter, vindun, toen,",,,"[0.75, 0.75, 0.8, 1.0, 0.5, 1.0, 1.0, 1.0, 0.75, 0.8]",8.35,1.0,"['a04', 'd16', 'a31', 'a21', 'a18', 'a19', 'a27']","['a18', 'd16', 'a04', 'a18', 'a19', 'a04', 'a21', 'a31', 'a27', 'd16']",0,words_130_140.wav,../3x10_Concatenations/3x10_score_4_mixed,"[1.5, 1.0, 1.0, 0.8888888888888888, 3.0, 1.6666666666666667, 0.8, 0.8, 1.4, 1.0]",1.0
4,skip fregner munn tjern lue enhjørning koffert hjørne drue brød,bare smikke skjør fortid lin klokk kloster furt løpet,,,"[0.6666666666666666, 0.8333333333333334, 0.6666666666666666, 0.6666666666666666, 0.6666666666666666, 1.0, 0.8, 0.75, 1.0, 1.0]",8.05,1.0,"['a30', 'a04', 'd04', 'd06', 'd01', 'a34', 'a01', 'a28', 'a27']","['d06', 'a28', 'd04', 'd01', 'a27', 'a01', 'a34', 'a28', 'a30', 'a04']",-1,words_140_150.wav,../3x10_Concatenations/3x10_score_4_mixed,0.7936507936507936,1.0
4,smerte blokk løpe svære blå mus karneval blomst smør frakk,tror? barn? kan i valg? lys? far? shun? brun? bittel? lys?,,,"[0.8, 1.0, 1.0, 0.8, 0.6666666666666666, 1.0, 1.0, 1.0, 0.75, 1.0]",9.016666666666666,1.0,"['d02', 'd12', 'a26', 'd07', 'd14', 'a01', 'a18', 'd03', 'a06', 'a27']","['d03', 'd12', 'a27', 'a18', 'a01', 'd02', 'd14', 'd07', 'a26', 'a06']",1,words_150_160.wav,../3x10_Concatenations/3x10_score_4_mixed,0.8620689655172413,1.1
4,stjerne ku skjorte karneval brun sport tjern planke løpe søppel,"plante, premie, bar, dul, barn, kjøyster, sjøk, jjort, mjør, skjæren,",,,"[0.8333333333333334, 0.5, 1.0, 1.0, 1.0, 0.75, 0.6666666666666666, 1.0, 1.0, 0.8]",8.55,1.0,"['d19', 'a30', 'a20', 'd18', 'a16', 'd13', 'a05', 'd08', 'a27']","['a05', 'a30', 'd13', 'a27', 'a20', 'd18', 'a16', 'd19', 'd08', 'a20']",0,words_160_170.wav,../3x10_Concatenations/3x10_score_4_mixed,"[1.0, 3.5, 0.8571428571428571, 1.0, 0.75, 1.4, 0.8, 1.0, 1.0, 1.0]",1.0
4,sju blokk fortau skitten nøkkel sport karneval trylle krykke sølv,kantonne gjør bror grøm fræk lund bløk tror og glatt,,,"[0.5, 0.75, 0.75, 0.75, 0.8, 0.75, 1.0, 0.8, 0.8, 1.0]",7.8999999999999995,1.0,"['d12', 'd04', 'a03', 'd10', 'a16', 'a11', 'd11', 'a19', 'a06']","['a03', 'a06', 'd04', 'd12', 'd10', 'a11', 'd10', 'd11', 'a16', 'a19']",0,words_170_180.wav,../3x10_Concatenations/3x10_score_4_mixed,"[2.6666666666666665, 1.0, 0.8333333333333334, 1.0, 0.8333333333333334, 1.0, 1.0, 0.6666666666666666, 1.0, 1.25]",1.0
4,søster løpe sjø blokk flette snørr dykke torne børste skive,rur skulder litt søre løpet bostell anyarning lise hitt sultet,,,"[1.0, 1.0, 0.5, 1.0, 1.0, 1.0, 1.0, 1.0, 0.8, 1.0]",9.3,1.0,"['a17', 'a04', 'a20', 'a03', 'a34', 'd17', 'd14', 'a05', 'a19']","['a17', 'a03', 'a17', 'd14', 'a05', 'a34', 'a04', 'a20', 'd17', 'a19']",0,words_180_190.wav,../3x10_Concatenations/3x10_score_4_mixed,"[0.8333333333333334, 1.5, 1.3333333333333333, 1.0, 0.8333333333333334, 1.2, 1.6, 0.8, 0.8333333333333334, 0.8]",1.0
4,børste tårn skilpadde snø sjakk ørn ni løpe karneval plante,kjø! svennene! troll! nørkkel! tøril! stype! bra! litte! foto! kjø!,,,"[0.8, 0.6666666666666666, 1.0, 0.6666666666666666, 0.6666666666666666, 0.5, 1.0, 1.0, 1.0, 1.0]",8.3,1.0,"['d19', 'a30', 'a17', 'a09', 'a14', 'd07', 'a16', 'a23', 'a22', 'a25']","['a16', 'd19', 'a09', 'd07', 'a17', 'a23', 'a14', 'a25', 'a22', 'a30']",0,words_190_200.wav,../3x10_Concatenations/3x10_score_4_mixed,"[1.0, 2.0, 0.8888888888888888, 2.3333333333333335, 1.2, 2.0, 2.0, 1.0, 1.0, 1.0]",1.0
4,barn tårn fort skjema sølv turn tralle tralle rike kjerne,lys bats kyraf naker snur svert hvort sjæret svert lys,,,"[0.6666666666666666, 1.0, 0.6666666666666666, 1.0, 1.0, 0.6666666666666666, 0.8, 0.8, 0.75, 0.75]",8.1,1.0,"['a09', 'd04', 'a14', 'a32', 'd06', 'a34', 'a23', 'a26', 'a28', 'a27']","['d06', 'a28', 'a23', 'a09', 'a14', 'a27', 'd04', 'a34', 'a26', 'a32']",0,words_200_210.wav,../3x10_Concatenations/3x10_score_4_mixed,"[1.0, 1.0, 1.0, 0.8333333333333334, 0.75, 1.0, 1.0, 1.0, 1.25, 1.0]",1.0
4,bryter ørn glitter pære løpe sju jern frukt jern artist,pott! arun! skj! fyrtukt! skj! spart! høy! skjigpadde! spart! jaan!,,,"[1.0, 1.0, 1.0, 1.0, 1.0, 0.5, 0.6666666666666666, 1.0, 0.6666666666666666, 1.0]",8.833333333333332,1.0,"['d05', 'a17', 'd10', 'a31', 'a10', 'd15', 'a22', 'a07', 'a08']","['a10', 'd10', 'd05', 'a22', 'd15', 'a07', 'a17', 'a31', 'a07', 'a08']",0,words_210_220.wav,../3x10_Concatenations/3x10_score_4_mixed,"[0.8333333333333334, 1.0, 1.0, 1.75, 1.0, 1.6666666666666667, 1.0, 2.2, 1.25, 1.0]",1.0
4,artist garn fregner buss søppel torne hjørne stupe bro torne,krop sidap lue brege snur rør kværr kynke ton kjørt,,,"[0.8, 0.6666666666666666, 0.8333333333333334, 0.6666666666666666, 1.0, 1.0, 1.0, 1.0, 0.6666666666666666, 1.0]",8.633333333333333,1.0,"['d19', 'd05', 'a17', 'a04', 'a20', 'a09', 'a10', 'd15', 'a07', 'a08']","['a20', 'd15', 'd05', 'd19', 'a07', 'a04', 'a09', 'a10', 'a17', 'a08']",0,words_220_230.wav,../3x10_Concatenations/3x10_score_4_mixed,"[0.8333333333333334, 1.25, 0.8571428571428571, 1.0, 0.8333333333333334, 0.8, 0.8333333333333334, 0.8, 1.0, 1.0]",1.0
4,hjørne skitten synge sur støvel brød fly rike rød fort,gjørte fjøtten bro nee gjørte hytte kjøma faktere flakser bare,,,"[0.75, 0.75, 1.0, 1.0, 1.0, 0.6666666666666666, 0.6666666666666666, 1.0, 0.5, 0.6666666666666666]",8.0,1.0,"['a04', 'a32', 'a23', 'd13', 'a01', 'a19', 'a33', 'a15']","['a33', 'd13', 'a04', 'a19', 'a23', 'd13', 'a15', 'a32', 'a33', 'a01']",0,words_230_240.wav,../3x10_Concatenations/3x10_score_4_mixed,"[0.3333333333333333, 0.42857142857142855, 1.0, 1.0, 0.8333333333333334, 1.25, 1.6666666666666667, 1.25, 2.3333333333333335, 0.75]",1.0
4,drue øre frø flaske sjiraff smykke smør fregner trylle fjær,nå! bareleerkanerfittsnurtjelappgrøyflukken,,,"[1.0, 0.6666666666666666, 1.0, 1.0, 1.0, 1.0, 1.0, 1.0, 1.0, 0.75]",9.416666666666666,1.0,"['a14', 'a32', 'd06', 'd15', 'a12', 'a18', 'a27']","['a18', 'd06', 'a14', 'a18', 'a12', 'a27', 'a12', 'd15', 'a27', 'a32']",-8,words_240_250.wav,../3x10_Concatenations/3x10_score_4_mixed,0.8135593220338984,1.0
5,lytte sykkel kvern koffert skulder kropp fly pute hjerne flette,"gloss, snakke, kjema, blå, huske, barn, kom, gul, miss,",,,"[1.0, 1.0, 1.0, 1.0, 1.0, 1.0, 1.0, 1.0, 1.0, 1.0]",10.0,1.0,"['d02', 'd05', 'd16', 'a16', 'd15', 'a25', 'a15', 'd03']","['d16', 'a15', 'd02', 'a16', 'a25', 'd05', 'd05', 'd03', 'd02', 'd15']",-1,words_0_10.wav,../3x10_Concatenations/3x10_score_5_mixed,0.7777777777777778,1.0
5,ødelagt frø ugle smerte bart svømme stupe frakk tær ski,lin går det opp? bror internet korn unge natt søster døre bort senge,,,"[0.8571428571428571, 1.0, 1.0, 1.0, 1.0, 1.0, 1.0, 1.0, 1.0, 1.0]",9.857142857142858,1.0,"['a30', 'a20', 'd16', 'd10', 'd15', 'd11', 'a33', 'd09', 'a27']","['a30', 'd16', 'd11', 'a27', 'd10', 'd15', 'd09', 'a33', 'a20', 'a27']",3,words_10_20.wav,../3x10_Concatenations/3x10_score_5_mixed,0.9272727272727272,1.3
5,skinke klappe prins hytte tær kart blokk flakse bær skøyter,ok trale sen brød skulder klem smør skippen dyr dyr,,,"[1.0, 1.0, 1.0, 1.0, 1.0, 1.0, 1.0, 1.0, 1.0, 1.0]",10.0,1.0,"['a30', 'd04', 'a31', 'd07', 'd17', 'd11', 'd13', 'd08']","['d04', 'd11', 'd17', 'a31', 'a30', 'd17', 'd07', 'd08', 'a30', 'd13']",0,words_20_30.wav,../3x10_Concatenations/3x10_score_5_mixed,"[0.8333333333333334, 0.6666666666666666, 0.8, 1.0, 2.0, 0.75, 1.0, 1.0, 0.6666666666666666, 0.7142857142857143]",1.0
5,sølv sjakk bleie artist artist prins huske hylle gutt kropp,"smarte, snur, barn, slot og børste, støvel, uglag, grøver, lin, gris,",,,"[1.0, 1.0, 1.0, 1.0, 1.0, 1.0, 1.0, 1.0, 1.0, 1.0]",10.0,1.0,"['d02', 'd05', 'd09', 'd01', 'a29', 'd15', 'd18', 'a33']","['d02', 'd02', 'a33', 'd15', 'd18', 'd05', 'a29', 'd01', 'a33', 'd09']",1,words_30_40.wav,../3x10_Concatenations/3x10_score_5_mixed,0.8813559322033898,1.1
5,plystre støvel glitter flette sølv jus frø tjern gartner kvart,dernig? ikke godt børste lass gå fort forti fortil sjermå kål høn krakke,,,"[1.0, 1.0, 1.0, 1.0, 1.0, 1.0, 1.0, 1.0, 1.0, 1.0]",10.0,1.0,"['a20', 'd07', 'a31', 'd06', 'a16', 'a21', 'd17', 'd11', 'a19', 'd03']","['d07', 'a31', 'd03', 'd11', 'a21', 'a19', 'a20', 'd06', 'a16', 'd17']",3,words_40_50.wav,../3x10_Concatenations/3x10_score_5_mixed,0.8709677419354839,1.3
5,søster terning syk blomst gartner dør bro tynn glør skive,"krakk, synge, kran, snø, huske, gjerne, blad, freiner, lin, førf,",,,"[1.0, 1.0, 1.0, 1.0, 1.0, 1.0, 1.0, 1.0, 1.0, 1.0]",10.0,1.0,"['d19', 'd09', 'd08', 'd10', 'd07', 'd06', 'd11', 'a18', 'a33']","['d11', 'd19', 'a33', 'd11', 'd08', 'd06', 'd09', 'd10', 'a18', 'd07']",0,words_50_60.wav,../3x10_Concatenations/3x10_score_5_mixed,"[1.0, 0.8571428571428571, 1.6666666666666667, 1.0, 0.8571428571428571, 2.0, 1.3333333333333333, 1.75, 1.0, 1.0]",1.0
5,frø kropp lue flakse klem skøyter grave vær vindu tårn,slikker slikker men flette blæge kork litte klappe forkjøy fly,,,"[1.0, 1.0, 1.0, 1.0, 1.0, 1.0, 1.0, 1.0, 1.0, 1.0]",10.0,1.0,"['d02', 'a30', 'a17', 'd07', 'd17', 'd15', 'd18', 'd03']","['d02', 'd15', 'd03', 'd17', 'd18', 'd07', 'd15', 'a30', 'd17', 'a17']",0,words_60_70.wav,../3x10_Concatenations/3x10_score_5_mixed,"[2.3333333333333335, 1.4, 1.0, 0.5, 1.0, 0.8571428571428571, 0.8, 2.0, 1.4, 1.0]",1.0
5,tynn skjorte glitter krykke klo børste skitten fjorten bro børste,bys kun støvel jørk gal snøy skjera flette møn skjert,,,"[1.0, 1.0, 1.0, 1.0, 1.0, 1.0, 1.0, 1.0, 1.0, 1.0]",10.0,1.0,"['a30', 'd04', 'd10', 'd06', 'd01', 'd14', 'd13', 'a33', 'd08']","['a33', 'd01', 'a30', 'd13', 'd08', 'a33', 'd04', 'd14', 'd10', 'd06']",0,words_70_80.wav,../3x10_Concatenations/3x10_score_5_mixed,"[0.75, 0.8571428571428571, 0.8571428571428571, 0.8333333333333334, 1.0, 1.0, 0.7142857142857143, 0.5714285714285714, 1.0, 1.0]",1.0
5,syk søt fugl svømme glorie kikkert ku søt turn lys,tuna internet lys tim kjøtt søle snytt sik ball åh!,,,"[1.0, 1.0, 1.0, 1.0, 1.0, 1.0, 1.0, 1.0, 1.0, 1.0]",10.0,1.0,"['d04', 'd16', 'd01', 'a29', 'd15', 'a22', 'a18', 'a05', 'a19']","['d04', 'a22', 'a18', 'a05', 'd15', 'd15', 'a29', 'd01', 'd16', 'a19']",0,words_80_90.wav,../3x10_Concatenations/3x10_score_5_mixed,"[1.3333333333333333, 2.3333333333333335, 1.0, 0.8333333333333334, 1.0, 0.8571428571428571, 2.5, 0.6666666666666666, 1.0, 1.0]",1.0
5,frukt krakk huske gutt bleie frukt børste hjerte vindu skjerm,furt løben briller grønner kart rott fråkse hsjø hsjø hsjø hsjø hsjø hsjø hsjø hsjø,,,"[1.0, 1.0, 1.0, 1.0, 1.0, 1.0, 1.0, 1.0, 1.0, 1.0]",10.0,1.0,"['d19', 'd02', 'd05', 'd12', 'd04', 'a29', 'a18', 'd18', 'd09']","['d18', 'd02', 'd12', 'd09', 'd04', 'a29', 'd19', 'd05', 'a18', 'd09']",5,words_90_100.wav,../3x10_Concatenations/3x10_score_5_mixed,1.0163934426229508,1.5
5,frakk mur drops krone blokk sju kropp syk ødelagt søt,skjyn skjyn sted vel floss bløye flak kart grøn hon flye,,,"[1.0, 1.0, 1.0, 1.0, 1.0, 1.0, 1.0, 1.0, 1.0, 1.0]",10.0,1.0,"['d19', 'a20', 'a14', 'd07', 'd11', 'd18', 'd03', 'a33']","['d11', 'a20', 'a14', 'd07', 'd19', 'a33', 'd18', 'a20', 'a33', 'd03']",1,words_100_110.wav,../3x10_Concatenations/3x10_score_5_mixed,0.8679245283018868,1.1
5,skulder skulder fort skinke lys lue ku vindu huske start,kjøk et drap bryn gjønne carnival sik søtt sik tun smør,,,"[1.0, 1.0, 1.0, 1.0, 1.0, 1.0, 1.0, 1.0, 1.0, 1.0]",10.0,1.0,"['d19', 'd02', 'a02', 'd10', 'd07', 'a31', 'd17', 'd13', 'd18', 'a19']","['d13', 'a02', 'd02', 'd07', 'a31', 'd19', 'd18', 'd10', 'a19', 'd17']",1,words_110_120.wav,../3x10_Concatenations/3x10_score_5_mixed,0.8035714285714286,1.1
5,søppel flue skjerf kø brød skip skjørt sykkel hjort bart,"sjø, bal, ful, grann, start, skjæter, hun, fort, troll, sevekkel",,,"[1.0, 1.0, 1.0, 1.0, 1.0, 1.0, 1.0, 1.0, 1.0, 1.0]",10.0,1.0,"['d19', 'd12', 'd18', 'd04', 'd13', 'a05', 'a08', 'a33']","['d13', 'd19', 'a08', 'a33', 'd04', 'a05', 'd12', 'd18', 'd12', 'd13']",0,words_120_130.wav,../3x10_Concatenations/3x10_score_5_mixed,"[0.8333333333333334, 1.0, 1.0, 3.0, 1.25, 1.5, 1.0, 1.0, 1.0, 2.0]",1.0
5,blå tralle hjørne by hylle stupe hund skøyter nøkkel garn,løs løs pære nytten stømmer løs d snør løv trøller røv flaske,,,"[1.0, 1.0, 1.0, 1.0, 1.0, 1.0, 1.0, 1.0, 1.0, 1.0]",10.0,1.0,"['d09', 'd08', 'a20', 'd04', 'd16', 'd07', 'a10', 'a23', 'd11', 'a33']","['d07', 'a33', 'd04', 'a10', 'a20', 'd16', 'd08', 'a23', 'd09', 'd11']",2,words_130_140.wav,../3x10_Concatenations/3x10_score_5_mixed,0.8245614035087719,1.2
5,syk ødelagt hjørne skive nøkkel skjære gul ødelagt artist barn,smør smør grab tidol lise litt frukt mør mør,,,"[1.0, 0.8571428571428571, 1.0, 1.0, 1.0, 1.0, 1.0, 1.0, 1.0, 1.0]",9.857142857142858,1.0,"['d09', 'a14', 'd06', 'd01', 'a16', 'd14', 'd15', 'a19', 'a33']","['a16', 'd14', 'a14', 'a33', 'd15', 'd01', 'd01', 'a19', 'd06', 'd09']",-1,words_140_150.wav,../3x10_Concatenations/3x10_score_5_mixed,0.7580645161290323,1.0
5,brød enhjørning kort syk søle troll skjema gul grønn frukt,gart nyr lin du er snø hitt grå klappe k fortid stort hjørte,,,"[1.0, 1.0, 1.0, 1.0, 1.0, 1.0, 1.0, 1.0, 1.0, 1.0]",10.0,1.0,"['d02', 'd05', 'd12', 'd04', 'd07', 'd01', 'd18', 'a19', 'a15']","['a19', 'd02', 'd07', 'd01', 'd07', 'd18', 'd05', 'a15', 'd04', 'd12']",3,words_150_160.wav,../3x10_Concatenations/3x10_score_5_mixed,0.8275862068965517,1.3
5,søster hylle bjørn dør svømme bleie premie bryter gutt kort,"løve flaske stjerne inden nett, gutt briter gull løve klam sjøk",,,"[1.0, 1.0, 1.0, 1.0, 1.0, 1.0, 1.0, 1.0, 1.0, 1.0]",10.0,1.0,"['d05', 'd02', 'd16', 'd07', 'd01', 'a21', 'a26', 'd08']","['d05', 'd05', 'd07', 'd16', 'a21', 'd16', 'd01', 'd02', 'a26', 'd08']",1,words_160_170.wav,../3x10_Concatenations/3x10_score_5_mixed,0.8305084745762712,1.1
5,bart nøkkel skøyter start skjerf snø støvel snø mus sjø,flette sjikke høyla sjikke kuh dør gjene frø kuh,,,"[1.0, 1.0, 1.0, 1.0, 1.0, 1.0, 1.0, 1.0, 1.0, 1.0]",10.0,1.0,"['d12', 'a20', 'a14', 'd01', 'a18', 'd18', 'a13', 'd09']","['a20', 'd01', 'd09', 'd01', 'a20', 'a18', 'd12', 'a14', 'd18', 'a13']",-1,words_170_180.wav,../3x10_Concatenations/3x10_score_5_mixed,0.7272727272727273,1.0
5,glitter smør internett smart start søppel sykkel kropp buss pluss,lys preme sjema plaster windel jan glitter sik tyn,,,"[1.0, 1.0, 1.0, 1.0, 1.0, 1.0, 1.0, 1.0, 1.0, 1.0]",10.0,1.0,"['d02', 'd06', 'd01', 'a16', 'd14', 'a01', 'd18', 'a19', 'a33']","['d06', 'd02', 'd02', 'a19', 'd14', 'd18', 'a33', 'a16', 'a01', 'd01']",-1,words_180_190.wav,../3x10_Concatenations/3x10_score_5_mixed,0.7384615384615385,1.0
5,port sju nøkkel tjern lyn blad mus kø grå blomst,"bus, garn, gøtt, dina, huske, krabta, kjimp, garni, hys, syraf,",,,"[1.0, 1.0, 1.0, 1.0, 1.0, 1.0, 1.0, 1.0, 1.0, 1.0]",10.0,1.0,"['d05', 'd04', 'd10', 'd06', 'a34', 'd13', 'd18', 'a19', 'd09']","['a19', 'd10', 'd13', 'd09', 'd05', 'd06', 'd04', 'd05', 'd18', 'a34']",0,words_190_200.wav,../3x10_Concatenations/3x10_score_5_mixed,"[1.0, 1.6666666666666667, 0.8333333333333334, 1.0, 2.0, 1.25, 1.6666666666666667, 3.0, 1.3333333333333333, 1.0]",1.0
5,tjern buss frø enhjørning lue drops ødelagt smykke stupe støvel,troll lædet brød jørk fratt barn min hjelna byss krupp,,,"[1.0, 1.0, 1.0, 1.0, 1.0, 1.0, 0.8571428571428571, 1.0, 1.0, 1.0]",9.857142857142858,1.0,"['d02', 'd05', 'a04', 'd04', 'd07', 'd06', 'd17', 'a16', 'a10', 'd14']","['d17', 'a10', 'a16', 'd04', 'd06', 'd02', 'a04', 'd05', 'd14', 'd07']",0,words_200_210.wav,../3x10_Concatenations/3x10_score_5_mixed,"[0.8, 1.25, 0.6666666666666666, 0.7, 1.6666666666666667, 1.0, 1.0, 1.0, 1.0, 1.0]",1.0
5,klær frø ski brød løpe søle plystre lytte klo nøkkel,sappel bløy flag sjø byss bløy sjø mint hittet sjø,,,"[1.0, 1.0, 1.0, 1.0, 1.0, 1.0, 1.0, 1.0, 1.0, 1.0]",10.0,1.0,"['d04', 'a32', 'a31', 'd17', 'd15', 'd13', 'a01', 'a08', 'a15']","['a31', 'a08', 'd13', 'a32', 'd17', 'd15', 'd04', 'd15', 'a01', 'a15']",0,words_210_220.wav,../3x10_Concatenations/3x10_score_5_mixed,"[1.5, 1.0, 1.3333333333333333, 0.75, 1.0, 1.0, 0.8571428571428571, 0.8, 2.0, 1.0]",1.0
5,krakk gul barn fortid bart smykke jus tralle syk drops,"plantet løse, skjørt, sjør, rør, blir, stupe, færm, tre, mør,",,,"[1.0, 1.0, 1.0, 1.0, 1.0, 1.0, 1.0, 1.0, 1.0, 1.0]",10.0,1.0,"['d05', 'd04', 'd16', 'a09', 'd10', 'd07', 'd17', 'd15', 'd14']","['d16', 'd15', 'd05', 'd04', 'd07', 'd17', 'a09', 'd17', 'd14', 'd10']",0,words_220_230.wav,../3x10_Concatenations/3x10_score_5_mixed,"[1.2, 1.6666666666666667, 1.5, 1.0, 0.75, 1.0, 1.6666666666666667, 1.0, 1.3333333333333333, 1.0]",1.0
5,skulder bjørn søppel prins buss skjema start tre tårn flagg,"tynne, sene, dille, toene, lærer, hittet, kval, flaske, hille, kjære,",,,"[1.0, 1.0, 1.0, 1.0, 1.0, 1.0, 1.0, 1.0, 1.0, 1.0]",10.0,1.0,"['d02', 'd05', 'd12', 'd16', 'd10', 'd01', 'a16', 'd17', 'd13', 'a19']","['d10', 'd02', 'a16', 'd01', 'd12', 'd17', 'a19', 'd05', 'd13', 'd16']",0,words_230_240.wav,../3x10_Concatenations/3x10_score_5_mixed,"[0.8571428571428571, 1.0, 0.8333333333333334, 1.0, 1.5, 1.0, 0.8, 2.0, 1.5, 1.2]",1.0
5,munn gartner plante pute planke dør rund mus smerte skive,troll byrre sorte klopp gyt flakse rykker flak bjørn en jålig,,,"[1.0, 1.0, 1.0, 1.0, 1.0, 1.0, 1.0, 1.0, 1.0, 1.0]",10.0,1.0,"['d02', 'd12', 'd16', 'd04', 'a32', 'd06', 'd17', 'd01', 'd15']","['a32', 'd17', 'd06', 'd02', 'd16', 'd12', 'd15', 'd01', 'd04', 'd15']",1,words_240_250.wav,../3x10_Concatenations/3x10_score_5_mixed,0.8245614035087719,1.1
5,grave krabbe hylle sju erter søt gutt sjakk bleie hjerne,grøn sjøtt sjøtt blomt av vakk rø drø skjøtt lig glæ du er,,,"[1.0, 1.0, 1.0, 1.0, 1.0, 1.0, 1.0, 1.0, 1.0, 1.0]",10.0,1.0,"['d12', 'd16', 'd07', 'd17', 'd14', 'd13', 'd18', 'd03']","['d18', 'd12', 'd16', 'd14', 'd17', 'd07', 'd03', 'd13', 'd13', 'd16']",3,words_250_260.wav,../3x10_Concatenations/3x10_score_5_mixed,0.8392857142857143,1.3
5,glorie start fortau frø kø bær sju kvern løpe snørr,planket huske planket kjøtt vørste hys brille gjørene plante kjøttet,,,"[1.0, 1.0, 1.0, 1.0, 1.0, 1.0, 1.0, 1.0, 1.0, 1.0]",10.0,1.0,"['a04', 'd16', 'd07', 'd06', 'd01', 'a29', 'a21', 'a28', 'd03']","['d06', 'd03', 'd16', 'a29', 'a04', 'a21', 'd01', 'a28', 'd07', 'd06']",0,words_260_270.wav,../3x10_Concatenations/3x10_score_5_mixed,"[0.8333333333333334, 1.0, 1.1666666666666667, 1.3333333333333333, 2.5, 1.0, 2.0, 1.0, 1.0, 1.2]",1.0
5,trylle klo sølv sil pære port skjorte tre tar sjiraff,hittet røn flasket dina dina gud rykka søl lappet,,,"[1.0, 1.0, 1.0, 1.0, 1.0, 1.0, 1.0, 1.0, 1.0, 1.0]",10.0,1.0,"['d02', 'a17', 'd08', 'd12', 'd04', 'd14', 'a23', 'a22', 'a18', 'a33']","['d04', 'd12', 'a33', 'a18', 'a17', 'd02', 'd14', 'd08', 'a23', 'a22']",-1,words_270_280.wav,../3x10_Concatenations/3x10_score_5_mixed,0.8301886792452831,1.0
5,brun hytte dør øre kø internett lun lyn skip flakse,søt kvei sjøret mit start ekkoen kloen ryn grøm sik,,,"[1.0, 1.0, 1.0, 1.0, 1.0, 1.0, 1.0, 1.0, 1.0, 1.0]",10.0,1.0,"['d19', 'd02', 'a17', 'd12', 'd04', 'a31', 'd11', 'a15', 'd09']","['d12', 'd09', 'd19', 'd04', 'a17', 'a31', 'a15', 'd19', 'd11', 'd02']",0,words_280_290.wav,../3x10_Concatenations/3x10_score_5_mixed,"[1.0, 1.0, 1.3333333333333333, 1.0, 2.5, 0.8888888888888888, 1.0, 0.3333333333333333, 1.0, 0.8333333333333334]",1.0
5,bleie kjerne erter plante fregner lyn blå jern klappe øre,stupa sige glorja bjørn plamta tim nyn hun bryter tim,,,"[1.0, 1.0, 1.0, 1.0, 1.0, 1.0, 1.0, 1.0, 1.0, 1.0]",10.0,1.0,"['d05', 'd12', 'd16', 'a14', 'd10', 'a31', 'd11', 'd18', 'd03']","['d12', 'd16', 'd12', 'd05', 'd10', 'a31', 'd18', 'a14', 'd03', 'd11']",0,words_290_300.wav,../3x10_Concatenations/3x10_score_5_mixed,"[1.0, 0.8333333333333334, 1.2, 1.0, 1.0, 1.0, 1.0, 0.75, 1.0, 1.0]",1.0
5,klappe hus blokk synge briller rød snørr frukt synge dyne,ødlagt b kjø brillet blomst grøyne start fru shelf nah,,,"[1.0, 1.0, 1.0, 1.0, 1.0, 1.0, 1.0, 1.0, 1.0, 1.0]",10.0,1.0,"['d02', 'd08', 'a31', 'd17', 'd01', 'd15', 'd14', 'd13', 'd18', 'd03']","['d18', 'd15', 'd02', 'a31', 'd03', 'd17', 'd01', 'd08', 'd13', 'd14']",0,words_300_310.wav,../3x10_Concatenations/3x10_score_5_mixed,"[0.8333333333333334, 1.0, 1.0, 1.2, 0.8571428571428571, 1.3333333333333333, 0.6, 0.4, 0.8, 1.0]",1.0
5,hus blokk snørr klem plystre hjerte drops krabbe huske drue,fortid drill kjø kjø kuts søt uglø blå,,,"[1.0, 1.0, 1.0, 1.0, 1.0, 1.0, 1.0, 1.0, 1.0, 1.0]",10.0,1.0,"['d05', 'a30', 'd16', 'a31', 'd13', 'a33', 'a19', 'd08']","['d05', 'd08', 'd13', 'd05', 'd08', 'a19', 'a30', 'd16', 'a33', 'a31']",-2,words_310_320.wav,../3x10_Concatenations/3x10_score_5_mixed,0.7966101694915254,1.0
