speaker_id,score,input_string,translated_string,translated_CER,translated_WER,target_CER,target_CER_sum,target_WER,length_deviation_words,audio_name,audio_path,trans_CER,trans_WER
a01,[4 3 4 3 4 3 3 3 2 3],artist barn bart bjørn blå blad bleie blokk blomst blyant,artist barn baj baj bj bj bjarn bjarn bla,,,"[0.8, 0.6666666666666666, 0.6666666666666666, 0.5, 0.6666666666666666, 0.5, 0.75, 0.5, 0.5, 0.5]",6.05,1.0,-1,a01_words_0_10.wav,../3x10_Concatenations/3x10_id_sorted,0.49122807017543857,0.8
a01,[3 2 3 2 3 2 2 5 3 2],børste briller bro brød bror brun bryter buss by bygge,bøste bøhler bøhler bøhler bøhler bøhler bæh,,,"[0.8, 0.6666666666666666, 0.3333333333333333, 0.3333333333333333, 0.5, 0.5, 0.5, 1.0, 0.0, 0.5]",5.133333333333333,0.9,-3,a01_words_10_20.wav,../3x10_Concatenations/3x10_id_sorted,0.5555555555555556,1.0
a02,[2 4 4 4 3 2 3 4 3 2],artist barn bart bjørn blå blad bleie blokk blomst blyant,barn barn bjørn bjørn bjørn bjørn bjørn bjørn klar veie blomst bramst bramst bjørn bjørn bjørnst bramst bjørn bjørnst bjørnst bjørn,,,"[0.6, 1.0, 0.6666666666666666, 1.0, 0.6666666666666666, 0.5, 0.75, 1.0, 0.8333333333333334, 0.6666666666666666]",7.683333333333334,1.0,11,a02_words_0_10.wav,../3x10_Concatenations/3x10_id_sorted,1.6140350877192982,1.8
a02,[4 3 4 3 3 3 3 4 3 4],børste briller bro brød bror brun bryter buss by bygge,børste brillebjørn brussel bøsj børn børnbinder bøsj børs børnb,,,"[0.8, 0.8333333333333334, 1.0, 0.3333333333333333, 0.75, 0.75, 0.8333333333333334, 0.6666666666666666, 0.5, 1.0]",7.466666666666667,1.0,-1,a02_words_10_20.wav,../3x10_Concatenations/3x10_id_sorted,0.5370370370370371,0.9
a03,[3 3 4 2 2 2 2 5 1 2],artist barn bart bjørn blå blad bleie blokk blomst blyant,body bong,,,"[0.8, 0.6666666666666666, 0.6666666666666666, 0.25, 0.3333333333333333, 0.25, 0.5, 1.0, 0.3333333333333333, 0.3333333333333333]",5.133333333333333,1.0,-8,a03_words_0_10.wav,../3x10_Concatenations/3x10_id_sorted,0.8947368421052632,1.0
a03,[3 2 3 4 4 3 3 4 2 5],børste briller bro brød bror bryter buss by bygge dør,brille brille brur brur brur brur brur brur brur brur brusj bling bi binkie binkie binkie dør dør,,,"[0.8, 0.5, 0.6666666666666666, 0.6666666666666666, 0.75, 0.5, 0.6666666666666666, 1.0, 0.5, 1.0]",7.05,1.0,8,a03_words_10_20.wav,../3x10_Concatenations/3x10_id_sorted,1.1320754716981132,1.7
a04,[3 4 3 4 5 3 2 3 3 2],artist barn bart bjørn blå blad bleie blokk blomst blyant,barn barn barn bjørn bjørn blå blår bråk bråk bråk bråk bråk bråk bråk bråk bråk bråk bråk bråk bråk bråk bråk bråk bråk bråk bråk bråk bråk bråk bråk bråk bråk bråk bråk bråk bråk brianj,,,"[0.8, 0.6666666666666666, 0.6666666666666666, 1.0, 1.0, 0.75, 0.25, 0.75, 0.8333333333333334, 0.6666666666666666]",7.383333333333333,1.0,27,a04_words_0_10.wav,../3x10_Concatenations/3x10_id_sorted,2.6666666666666665,3.4
a04,[4 3 4 4 4 3 4 4 5 5],børste briller bro brød bror brun bryter buss by bygge,børste briller bro bro brus bred bror bror bror bror bror bror b be bed,,,"[1.0, 0.6666666666666666, 1.0, 1.0, 1.0, 0.75, 1.0, 0.6666666666666666, 1.0, 1.0]",9.083333333333332,1.0,5,a04_words_10_20.wav,../3x10_Concatenations/3x10_id_sorted,0.5555555555555556,1.1
a05,[3 3 4 3 3 2 3 3 3 3],artist barn bart bjørn blå blad bleie blokk blomst blyant,artist butch theod broom broa,,,"[0.8, 0.6666666666666666, 0.6666666666666666, 0.5, 0.3333333333333333, 0.5, 0.75, 0.75, 0.5, 0.6666666666666666]",6.133333333333334,1.0,-5,a05_words_0_10.wav,../3x10_Concatenations/3x10_id_sorted,0.6666666666666666,0.9
a05,[4 5 4 3 3 4 3 5 4 3],børste briller bro brød bror brun bryter buss by bygge,vær så god,,,"[1.0, 1.0, 0.6666666666666666, 0.6666666666666666, 0.75, 0.75, 0.8333333333333334, 1.0, 1.0, 0.75]",8.416666666666666,1.0,-7,a05_words_10_20.wav,../3x10_Concatenations/3x10_id_sorted,0.9074074074074074,1.0
a06,[3 2 5 2 3 3 5 4 2 3],artist barn bart bjørn blå blad bleie blokk blomst blyant,vel vel blå nei takk nå,,,"[0.8, 0.3333333333333333, 1.0, 0.25, 0.6666666666666666, 0.5, 1.0, 0.75, 0.6666666666666666, 0.8333333333333334]",6.8,1.0,-4,a06_words_0_10.wav,../3x10_Concatenations/3x10_id_sorted,0.7719298245614035,0.9
a06,[4 3 5 3 3 3 2 5 5 4],børste briller bro brød bror brun bryter buss by bygge,bra bror du bro bro bro bro bro brob brob brob b,,,"[1.0, 0.6666666666666666, 1.0, 0.6666666666666666, 0.25, 0.5, 0.6666666666666666, 1.0, 1.0, 0.75]",7.5,1.0,2,a06_words_10_20.wav,../3x10_Concatenations/3x10_id_sorted,0.5185185185185185,1.1
a07,[2 3 4 2 2 2 3 3 2 2],artist barn bart bjørn blå blad bleie blokk blomst blyant,blåbær blåbær j blåbær j blåbær j blåbær blåbær blåbær blåbær blåbær blåbær blåbær blåbær blåbær j,,,"[0.6, 0.6666666666666666, 0.6666666666666666, 0.25, 0.3333333333333333, 0.25, 0.5, 0.75, 0.3333333333333333, 0.5]",4.85,1.0,7,a07_words_0_10.wav,../3x10_Concatenations/3x10_id_sorted,1.2105263157894737,1.7
a07,[2 2 2 1 2 2 2 5 4 2],børste briller bro brød bror brun bryter buss by bygge,bestig bjellet blodd blo bjørn bjørn bjørn bjørn bjørn bjørn bjørn bjørn bjørn bjørn bjørn bjørn bjørn bjørn bjørn bjørn bjørn bjørn bjørn bjørn bjørn bjørn bjørn bjørn,,,"[0.4, 0.5, 0.3333333333333333, 0.0, 0.25, 0.25, 0.5, 1.0, 0.5, 0.25]",3.9833333333333334,0.9,18,a07_words_10_20.wav,../3x10_Concatenations/3x10_id_sorted,2.5,2.8
a08,[4 4 4 3 2 2 3 3 3 2],artist barn bart bjørn blå blad bleie blokk blomst blyant,bunn bjørn bjørn brann breinn brork brokk brong brong brong brong brong brumn brumn brong brong brong,,,"[1.0, 0.6666666666666666, 0.6666666666666666, 0.5, 0.3333333333333333, 0.25, 0.75, 0.75, 0.8333333333333334, 0.6666666666666666]",6.416666666666666,1.0,7,a08_words_0_10.wav,../3x10_Concatenations/3x10_id_sorted,1.280701754385965,1.7
a08,[3 4 5 5 4 4 2 5 5 4],børste briller bro brød bror brun bryter buss by bygge,verst briljer bror bror bror bror bror bror bror bror bror bror s buss by by by by,,,"[0.8, 1.0, 1.0, 1.0, 0.75, 1.0, 0.6666666666666666, 1.0, 1.0, 1.0]",9.216666666666667,1.0,8,a08_words_10_20.wav,../3x10_Concatenations/3x10_id_sorted,0.7962962962962963,1.5
a09,[3 3 5 2 2 3 3 5 3 3],artist barn bart bjørn blå blad bleie blokk blomst blyant,aggress barn barj barn barn barn barn barn troll troll brand barns bransj bror bror bror briant briant briant briant briant briant,,,"[0.8, 0.6666666666666666, 1.0, 0.5, 0.3333333333333333, 0.5, 0.75, 1.0, 0.8333333333333334, 0.6666666666666666]",7.05,1.0,12,a09_words_0_10.wav,../3x10_Concatenations/3x10_id_sorted,1.631578947368421,2.1
a09,[4 2 4 4 2 5 3 5 3 2],børste briller bro brød bror brun bryter buss by bygge,børste briljard bror bror bror bror bror bror bror bror bror bi bi bi,,,"[1.0, 0.5, 0.6666666666666666, 1.0, 0.5, 1.0, 0.8333333333333334, 1.0, 0.5, 0.5]",7.5,1.0,4,a09_words_10_20.wav,../3x10_Concatenations/3x10_id_sorted,0.5925925925925926,1.2
a10,[5 5 4 3 2 3 2 3 3 2],artist barn bart bjørn blå blad bleie blokk blomst blyant,artist barn bars gun bjørn bard brad røde flokk bronsen bronsen bronsen bronsen bronsen bront bruant bronsen bront briant,,,"[1.0, 1.0, 0.6666666666666666, 0.75, 0.3333333333333333, 0.75, 0.25, 0.75, 0.8333333333333334, 0.5]",6.833333333333333,1.0,9,a10_words_0_10.wav,../3x10_Concatenations/3x10_id_sorted,1.3508771929824561,1.6
a10,[3 3 5 3 4 4 4 5 5 5],børste briller bro brød bror brun bryter buss by bygge,børste oppsliller bro bro bror bror bror bror bror bror bror bror bror bror bror bror bror bror bror bror bror bror bror bror bror bror usj usj,,,"[0.8, 0.8333333333333334, 1.0, 0.6666666666666666, 0.75, 1.0, 1.0, 1.0, 1.0, 1.0]",9.05,1.0,18,a10_words_10_20.wav,../3x10_Concatenations/3x10_id_sorted,1.962962962962963,2.5
a11,[2 3 3 4 3 2 3 4 3 3],artist barn bart bjørn blå blad bleie blokk blomst blyant,blå blå blå blå blå blå blå blå blå blå blå blå blå blå blå blå blå blå blå blå blå blå blå blå blå blå blå blå blå blå blå blå blå blå blå blå blå blå blå blå blå blå blå blå blå blå blå blå blå,,,"[0.6, 0.6666666666666666, 0.3333333333333333, 0.75, 0.6666666666666666, 0.25, 0.5, 1.0, 0.6666666666666666, 0.6666666666666666]",6.1,1.0,39,a11_words_0_10.wav,../3x10_Concatenations/3x10_id_sorted,2.982456140350877,4.8
a11,[3 1 4 4 1 2 2 3 3 3],børste briller bro brød bror brun bryter buss by bygge,berre erin derre erin aruli trond aruli trond trond bergie,,,"[0.8, 0.0, 0.6666666666666666, 0.6666666666666666, 0.0, 0.5, 0.6666666666666666, 0.3333333333333333, 0.5, 0.75]",4.883333333333333,0.8,0,a11_words_10_20.wav,../3x10_Concatenations/3x10_id_sorted,"[0.5, 0.7142857142857143, 1.3333333333333333, 0.75, 1.0, 0.75, 0.8333333333333334, 1.25, 2.5, 0.6]",1.0
a12,[2 2 3 2 1 1 2 2 3 1],artist barn bart bjørn blå blad bleie blomst blyant børste,bransje bjørn bjørn proud braije bransje bjørn bjørn bjørn bjørn bjørn bjørn bjørn bjørn bjørn bjørn bjørn bjørn bjørn bjørn bjørn bjørn bjørn bjørn bjørn bjørn bjørn,,,"[0.6, 0.3333333333333333, 0.3333333333333333, 0.25, 0.0, 0.0, 0.25, 0.6666666666666666, 0.8333333333333334, 0.0]",3.2666666666666666,0.7,17,a12_words_0_10.wav,../3x10_Concatenations/3x10_id_sorted,2.310344827586207,2.6
a12,[2 3 3 1 3 4 2 5 3 4],briller bro brød bror brun bryter bygge dør drikke drops,driller trå trå trå trå trå trå trå trå trå trå trå trå trå trå trå trå trå trå trå trå trå trå trå trå trå trå trå trå trå trå trå trå trå trå trå trå trå trå trå trås,,,"[0.6666666666666666, 0.6666666666666666, 0.6666666666666666, 0.0, 0.75, 1.0, 0.25, 1.0, 0.6, 1.0]",6.6,0.9,31,a12_words_10_20.wav,../3x10_Concatenations/3x10_id_sorted,2.517857142857143,4.1
a13,[2 2 3 3 4 3 4 4 4 4],artist bart bjørn blå blad bleie blokk blomst blyant børste,blåhkulis blåhkulis blåhkulis bli blåh,,,"[0.6, 0.3333333333333333, 0.5, 1.0, 0.5, 0.75, 0.75, 1.0, 0.8333333333333334, 1.0]",7.266666666666667,1.0,-5,a13_words_0_10.wav,../3x10_Concatenations/3x10_id_sorted,0.6949152542372882,1.0
a13,[2 3 3 3 3 2 5 3 3 3],briller bro brød bror brun bryter buss by bygge dør,blund tittel busbuss bie budten bodde,,,"[0.5, 0.6666666666666666, 0.6666666666666666, 0.5, 0.75, 0.5, 1.0, 0.5, 0.5, 0.3333333333333333]",5.916666666666666,1.0,-4,a13_words_10_20.wav,../3x10_Concatenations/3x10_id_sorted,0.7058823529411765,1.0
a14,[3 5 3 5 3 5 5 5 3 5],artist bær bar barn bart bjørn blå blad bleie blod,ærlig sterbær bær barn skip bær blå blå blå breie blå breie blå blå blå blå blå blå blå blå blå blå blå blå blå blå blå blå blå blå blå blå blå blå blå blå blå blå blå blå blå blå blå blå blå blå blå blå blå blå blå blå blå blå blå blå blå blå blå blå blå blå blå blå blå blå blå blå blå blå blå blå blå blå blå blå blå blå bl blå bl blå bl blå bl blå bl bl blå bl bl blå bl blå bl bl blå bl bl bl blå bl bl bl bl bl bl blå bl bl bl bl blå bl bl bl bl bl bl bl bl blå bl bl bl bl bl bl bl bl bl bl bl bl bl bl bl bl bl bl bl bl bl bl bl bl bl bl bl bl bl bl bl bl bl bl bl bl bl bl bl bl bl bl bl bl bl bl bl bl bl bl bl bl bl bl bl bl bl bl bl bl bl bl bl bl bl bl bl bl bl bl bl bl bl bl bl bl bl bl bl bl bl bl bl bl bl bl bl bl,,,"[0.8, 1.0, 0.3333333333333333, 1.0, 0.6666666666666666, 1.0, 1.0, 0.75, 0.75, 1.0]",8.3,1.0,200,a14_words_0_10.wav,../3x10_Concatenations/3x10_id_sorted,13.94,20.8
a14,[5 4 4 5 5 3 3 5 5 2],blokk blomst blyant børste bra brå briller bro brød bror,blokk blomst blomst børste børste bra byrå rygge rgle bro bro bro bro bro bro,,,"[1.0, 0.8333333333333334, 1.0, 1.0, 1.0, 0.6666666666666666, 0.8333333333333334, 1.0, 1.0, 0.5]",8.833333333333334,1.0,5,a14_words_10_20.wav,../3x10_Concatenations/3x10_id_sorted,0.5357142857142857,1.0
a15,[4 3 3 5 4 3 3 4 3 4],artist bær bar barn bart bjørn blå blad bleie blod,artist bell bll barn barn bla bla bla blenge blod blå blå blenge blå blå blå blå blå blå blå blå blå blå blå blå blå blå blå,,,"[0.8, 0.6666666666666666, 0.3333333333333333, 1.0, 0.6666666666666666, 0.5, 0.6666666666666666, 0.5, 0.75, 0.6666666666666666]",6.55,1.0,18,a15_words_0_10.wav,../3x10_Concatenations/3x10_id_sorted,1.74,2.5
a15,[3 3 3 4 3 2 2 3 3 2],blokk blomst blyant børste bra brå briller bro brød bror,blakk bloms blyant børste blad bladet blyndler blod blod bly,,,"[0.75, 0.6666666666666666, 0.8333333333333334, 1.0, 0.6666666666666666, 0.0, 0.5, 0.3333333333333333, 0.6666666666666666, 0.25]",5.666666666666667,0.9,0,a15_words_10_20.wav,../3x10_Concatenations/3x10_id_sorted,"[0.2, 0.16666666666666666, 0.0, 0.0, 0.6666666666666666, 1.6666666666666667, 0.5714285714285714, 0.6666666666666666, 0.5, 0.75]",0.8
a16,[5 5 5 5 4 5 3 3 3 4],artist bær bar barn bart bjørn blå blad bleie blod,artist berr bar barn bart bjørn bjørn bro bra bra breie breie,,,"[1.0, 1.0, 1.0, 1.0, 1.0, 1.0, 0.6666666666666666, 0.5, 0.75, 0.6666666666666666]",8.583333333333332,1.0,2,a16_words_0_10.wav,../3x10_Concatenations/3x10_id_sorted,0.4,0.7
a16,[3 5 5 4 5 3 5 5 5 5],blokk blomst blyant børste bra briller bro brød bror brun,brch blomst blomst børste bror bror bror bror bror bror bror bror bror bror bror bror bror bror bror bror bror bror bror bror bror bror bror bror bror bror bror bror bror bror,,,"[0.75, 1.0, 1.0, 0.8, 1.0, 0.6666666666666666, 1.0, 1.0, 1.0, 1.0]",9.216666666666667,1.0,24,a16_words_10_20.wav,../3x10_Concatenations/3x10_id_sorted,2.3684210526315788,3.1
a17,[5 5 5 5 5 3 4 3 4 4],artist bær bar barn bart bjørn blå blad bleie blod,hardtist bjørn bar bar barn bjørn bjørn bjørn brubb bra ble breie blod,,,"[1.0, 1.0, 1.0, 1.0, 1.0, 0.5, 1.0, 0.5, 1.0, 0.6666666666666666]",8.666666666666666,1.0,3,a17_words_0_10.wav,../3x10_Concatenations/3x10_id_sorted,0.56,0.9
a17,[3 3 4 4 5 5 3 4 3 4],blokk blomst blyant børste bra brå briller bro brød bror,broch blomst lingent børste bråbrå bråbriller bro bro bror bror bror bror bror bror bror bror bror,,,"[0.75, 0.8333333333333334, 0.8333333333333334, 0.8, 1.0, 1.0, 0.8333333333333334, 0.6666666666666666, 0.6666666666666666, 0.75]",8.133333333333333,1.0,7,a17_words_10_20.wav,../3x10_Concatenations/3x10_id_sorted,0.9642857142857143,1.3
a18,[3 4 4 4 4 5 5 4 4 5],artist bær bar barn bart bjørn blå blad bleie blod,artist berbar berg berg berg berg berg blodd blodd blodd blodd tveie blod,,,"[0.8, 1.0, 0.6666666666666666, 0.6666666666666666, 0.6666666666666666, 1.0, 1.0, 0.5, 0.75, 1.0]",8.05,1.0,3,a18_words_0_10.wav,../3x10_Concatenations/3x10_id_sorted,0.68,1.1
a18,[5 5 4 5 4 4 5 4 5 4],blokk blomst blyant bra brå briller bro brød bror brun,blad blomst liant bra treller tror trøye bror bror bror bror bror bror bror bror,,,"[1.0, 1.0, 1.0, 1.0, 0.6666666666666666, 1.0, 1.0, 0.6666666666666666, 1.0, 1.0]",9.333333333333332,1.0,5,a18_words_10_20.wav,../3x10_Concatenations/3x10_id_sorted,0.7777777777777778,1.2
a19,[5 5 5 5 5 4 3 3 3 2],artist bær bar barn bart bjørn blå blad bleie blod,artist bær bar bær barn barn barn bjørn bjørn bjørn bjørn bjørn,,,"[1.0, 1.0, 1.0, 1.0, 1.0, 0.75, 0.6666666666666666, 0.5, 0.5, 0.3333333333333333]",7.749999999999999,1.0,2,a19_words_0_10.wav,../3x10_Concatenations/3x10_id_sorted,0.52,0.7
a19,[3 3 3 4 4 2 5 3 5 3],blokk blomst blyant børste bra brå briller bro brød bror,bror bloms bryrja brorster bror bror bror bror bror bror bror bror bror bror bror bror bror bror bror bror,,,"[0.75, 0.8333333333333334, 0.8333333333333334, 0.8, 1.0, 0.3333333333333333, 1.0, 0.6666666666666666, 1.0, 0.75]",7.966666666666667,1.0,10,a19_words_10_20.wav,../3x10_Concatenations/3x10_id_sorted,1.2321428571428572,1.9
a20,[4 5 4 3 5 5 3 3 3 3],artist bær bar barn bart bjørn blå blad bleie blod,ærlig stebær bær bær bær bær bær bær bær bær bra bra bra bra bra bra,,,"[0.8, 1.0, 1.0, 0.6666666666666666, 1.0, 1.0, 0.6666666666666666, 0.5, 0.75, 0.3333333333333333]",7.716666666666666,1.0,6,a20_words_0_10.wav,../3x10_Concatenations/3x10_id_sorted,0.82,1.5
a20,[2 4 2 4 4 4 3 4 3 3],blokk blomst blyant børste bra brå briller bro brød bror,bransje bransje bransje bræsje i bra brors dra,,,"[0.5, 1.0, 0.6666666666666666, 1.0, 0.6666666666666666, 0.6666666666666666, 0.8333333333333334, 0.6666666666666666, 0.6666666666666666, 0.5]",7.166666666666667,1.0,-2,a20_words_10_20.wav,../3x10_Concatenations/3x10_id_sorted,0.625,1.0
a21,[3 5 3 4 3 5 3 3 3 3],artist bær bar barn bjørn blå blad bleie blod blokk,artist berr bern bern bern bern belou,,,"[0.8, 1.0, 0.3333333333333333, 0.6666666666666666, 0.5, 1.0, 0.75, 0.75, 0.6666666666666666, 0.5]",6.966666666666667,1.0,-3,a21_words_0_10.wav,../3x10_Concatenations/3x10_id_sorted,0.47058823529411764,0.9
a21,[4 3 3 4 3 2 3 3 3 4],blomst blyant børste bra brå briller bro brød bror brun,blomst blir ernd barten bra bror bror bror bror bror bror bror bror bror bror bror bror,,,"[1.0, 0.8333333333333334, 0.8, 0.6666666666666666, 0.6666666666666666, 0.5, 0.3333333333333333, 0.6666666666666666, 0.75, 1.0]",7.216666666666667,1.0,7,a21_words_10_20.wav,../3x10_Concatenations/3x10_id_sorted,0.8545454545454545,1.4
a22,[3 5 5 3 5 3 5 3 3 2],artist bær bar barn bart bjørn blå blad bleie blod,artist bar bar barn barn barn bjarn bjarn bjarn bjarn blå blå blå bra,,,"[0.8, 1.0, 1.0, 0.6666666666666666, 1.0, 0.5, 1.0, 0.5, 0.5, 0.3333333333333333]",7.3,1.0,4,a22_words_0_10.wav,../3x10_Concatenations/3x10_id_sorted,0.62,1.0
a22,[3 3 5 3 3 5 3 5 4 4],blokk blomst blyant børste bra brå briller bro brød bror,bro blomst begynt borste bra bro bro bro bro bro bro bro bro bro bro bro bro bro bro bro bro bro bro bro bro bro bro bro bro bro bro bro bro bro bro bro,,,"[0.75, 0.8333333333333334, 1.0, 0.8, 0.6666666666666666, 1.0, 0.8333333333333334, 1.0, 0.6666666666666666, 0.75]",8.3,1.0,26,a22_words_10_20.wav,../3x10_Concatenations/3x10_id_sorted,2.0,3.3
a23,[3 5 5 4 5 4 3 3 3 3],artist bær bar barn bart bjørn blå blad bleie blod,artist bar bar barn bart bjør brå bra bra breie breie breie,,,"[0.8, 1.0, 1.0, 0.6666666666666666, 1.0, 0.75, 0.6666666666666666, 0.5, 0.75, 0.6666666666666666]",7.8,1.0,2,a23_words_0_10.wav,../3x10_Concatenations/3x10_id_sorted,0.38,0.8
a23,[2 5 4 5 3 4 3 3 5 5],blokk blomst blyant børste bra brå briller bro brød bror,praks blomst blyant børste dra brå tryller brød brød brød brød brød brød brød brød brød,,,"[0.5, 1.0, 1.0, 1.0, 0.6666666666666666, 0.6666666666666666, 0.8333333333333334, 0.3333333333333333, 1.0, 1.0]",8.0,1.0,6,a23_words_10_20.wav,../3x10_Concatenations/3x10_id_sorted,0.7142857142857143,1.1
a25,[5 3 2 4 3 4 4 3 4 2],artist bær bar barn bart bjørn blå blad bleie blod,barth bahler bahlbehlbehlbehlbehlbehl blei leie dreier de leiende breiender,,,"[1.0, 0.6666666666666666, 0.3333333333333333, 0.6666666666666666, 0.6666666666666666, 0.75, 1.0, 0.5, 1.0, 0.3333333333333333]",6.916666666666666,1.0,-1,a25_words_0_10.wav,../3x10_Concatenations/3x10_id_sorted,1.06,1.0
a25,[5 2 4 4 3 2 2 2 3 2],blokk blomst blyant børste bra brå briller bro brød bror,blakk blås blå blå blør,,,"[1.0, 0.6666666666666666, 1.0, 1.0, 0.3333333333333333, 0.3333333333333333, 0.16666666666666666, 0.3333333333333333, 0.3333333333333333, 0.25]",5.416666666666666,1.0,-5,a25_words_10_20.wav,../3x10_Concatenations/3x10_id_sorted,0.6607142857142857,1.0
a26,[4 4 3 3 3 3 3 3 3 2],artist bær bar barn bart bjørn blå blad bleie blod,retist berr berr bern bern bern bern berre bern,,,"[0.8, 1.0, 0.6666666666666666, 0.3333333333333333, 0.6666666666666666, 0.5, 0.6666666666666666, 0.25, 0.5, 0.3333333333333333]",5.716666666666666,1.0,-1,a26_words_0_10.wav,../3x10_Concatenations/3x10_id_sorted,0.48,1.0
a26,[2 4 3 4 3 1 4 3 4 3],blokk blomst blyant børste bra brå briller bro brød bror,blomst blyant børste bra moro mariodel borro,,,"[0.25, 0.8333333333333334, 0.8333333333333334, 1.0, 0.3333333333333333, 0.0, 0.8333333333333334, 0.3333333333333333, 0.6666666666666666, 0.25]",5.333333333333334,0.9,-3,a26_words_10_20.wav,../3x10_Concatenations/3x10_id_sorted,0.39285714285714285,0.6
a27,[4 5 4 4 4 3 3 3 3 3],artist bær bar barn bart bjørn blå blad bleie blod,artist barbard barbard barbard barbard barbard bards bards bards bardard bro,,,"[0.8, 1.0, 0.6666666666666666, 0.6666666666666666, 0.6666666666666666, 0.5, 0.6666666666666666, 0.5, 0.5, 0.6666666666666666]",6.633333333333334,1.0,1,a27_words_0_10.wav,../3x10_Concatenations/3x10_id_sorted,0.84,1.0
a27,[2 3 3 4 5 3 4 4 5 3],blokk blomst blyant børste bra brå briller bro brød bror,brøk brøk brønst brønn brynt børste brød brød brød brød brødre brød brød brød brød brød brød brød brød brød brødre brødre brødre brødre brødre brødre,,,"[0.5, 0.8333333333333334, 0.8333333333333334, 0.8, 1.0, 0.3333333333333333, 1.0, 1.0, 1.0, 0.5]",7.8,1.0,16,a27_words_10_20.wav,../3x10_Concatenations/3x10_id_sorted,1.9285714285714286,2.4
a28,[3 5 4 4 3 4 3 5 3 3],artist bær bar barn bart bjørn blå blad bleie blod,artiss bær bar bær barn bær bær barn bær bær bru bro bro bro,,,"[0.6, 1.0, 1.0, 1.0, 0.6666666666666666, 0.75, 0.6666666666666666, 0.75, 0.75, 0.3333333333333333]",7.516666666666667,1.0,4,a28_words_0_10.wav,../3x10_Concatenations/3x10_id_sorted,0.56,1.1
a28,[5 3 5 4 3 3 3 4 4 3],blokk blomst blyant børste bra brå briller bro brød bror,blakk blomst blyant børste tre l o bra lill brynli bro bro bro bro bror,,,"[1.0, 0.8333333333333334, 1.0, 1.0, 0.6666666666666666, 0.6666666666666666, 0.6666666666666666, 1.0, 0.6666666666666666, 0.5]",8.0,1.0,5,a28_words_10_20.wav,../3x10_Concatenations/3x10_id_sorted,0.42857142857142855,0.9
a29,[5 4 4 5 5 4 4 5 3 3],artist bær bar barn bart bjørn blå blad bleie blod,artist berr bar barb barb bra bra bra bra bra bra bra bra bra bra bra bra bra bra bria bria bria,,,"[1.0, 0.6666666666666666, 0.6666666666666666, 1.0, 1.0, 1.0, 0.6666666666666666, 0.75, 0.75, 0.6666666666666666]",8.166666666666666,1.0,12,a29_words_0_10.wav,../3x10_Concatenations/3x10_id_sorted,1.24,2.0
a29,[5 3 3 5 4 3 3 3 4 2],blokk blomst blyant børste bra brå briller bro brød bror,rongst the on the worst blah blah blah blah,,,"[1.0, 0.8333333333333334, 0.6666666666666666, 1.0, 0.6666666666666666, 0.6666666666666666, 0.5, 0.6666666666666666, 0.6666666666666666, 0.0]",6.666666666666667,0.9,-1,a29_words_10_20.wav,../3x10_Concatenations/3x10_id_sorted,0.7142857142857143,1.0
a30,[4 5 3 3 3 3 4 4 2 3],artist bær bar barn bart bjørn blå blad bleie blod,artist berr barr barn barb bjørn bjørn bjørn bjørn blå blå blå,,,"[0.8, 1.0, 0.6666666666666666, 0.6666666666666666, 0.6666666666666666, 0.5, 0.6666666666666666, 0.5, 0.5, 0.3333333333333333]",6.3,1.0,2,a30_words_0_10.wav,../3x10_Concatenations/3x10_id_sorted,0.5,0.9
a30,[3 4 4 4 5 3 2 5 5 3],blokk blomst blyant børste bra brå briller bro brød bror,brann brann bra bru bror bror bror bror bror bror bror bror bror bror bror bror bror bror bror bror bror,,,"[1.0, 0.8333333333333334, 0.8333333333333334, 1.0, 1.0, 0.6666666666666666, 0.3333333333333333, 1.0, 1.0, 0.5]",8.166666666666668,1.0,11,a30_words_10_20.wav,../3x10_Concatenations/3x10_id_sorted,1.2857142857142858,2.0
a31,[4 4 4 5 4 5 3 3 3 3],artist bær bar barn bart bjørn blå blad bleie blod,artist per barbar barb bjørn bjørn bral bra brei,,,"[0.8, 0.6666666666666666, 0.6666666666666666, 1.0, 1.0, 1.0, 0.6666666666666666, 0.5, 0.5, 0.6666666666666666]",7.466666666666667,1.0,-1,a31_words_0_10.wav,../3x10_Concatenations/3x10_id_sorted,0.36,0.8
a31,[2 5 3 5 5 3 5 5 5 5],blokk blomst blyant børste bra brå briller bro brød bror,frokk blomst blyant børste bra briller bror bror bror bror bror bror bror bror,,,"[0.5, 1.0, 0.6666666666666666, 1.0, 1.0, 0.6666666666666666, 1.0, 1.0, 1.0, 1.0]",8.833333333333332,1.0,4,a31_words_10_20.wav,../3x10_Concatenations/3x10_id_sorted,0.5535714285714286,0.9
a32,[3 4 4 4 5 3 5 3 5 2],artist bær bar barn bart bjørn blå blad bleie blod,bar bar bar bar bar bar bar bla bløy bløy ja bløy ja bru bru bru bru bru bru bru bru bru bru bru bru bru bru,,,"[0.6, 0.6666666666666666, 0.6666666666666666, 0.6666666666666666, 1.0, 0.5, 1.0, 0.5, 1.0, 0.3333333333333333]",6.933333333333333,1.0,17,a32_words_0_10.wav,../3x10_Concatenations/3x10_id_sorted,1.56,2.6
a32,[4 3 5 3 4 4 4 5 5 5],blokk blomst blyant børste bra brå briller bro brød bror,bløt blå must bli endt børste bra brud bru bror bro bro bro bro bro bro bro bro bro bro bro bror bror bror bror bror,,,"[1.0, 0.8333333333333334, 1.0, 0.8, 0.6666666666666666, 0.6666666666666666, 1.0, 1.0, 1.0, 1.0]",8.966666666666667,1.0,16,a32_words_10_20.wav,../3x10_Concatenations/3x10_id_sorted,1.3214285714285714,2.2
a33,[3 4 5 5 5 3 5 5 5 3],artist bær bar barn bart bjørn blå blad bleie blod,artisj det er barbard bjørn blå blad blad blei bleie blå blå blå bleie bleie blå bleie bleie blå bleie bleie blå bleie blå bleie blå blå blå bleie blå blå blå blå blå blå blå blå blå blå blå blå blå blå blå blå blå blå blå blå blå blå blå blå blå blå blå blå blå blå blå blå blå blå blå blå blå blå blå blå blå blå blå blå blå blå blå blå blå blå blå blå blå blå blå blå blå blå blå blå blå blå blå blå blå blå blå blå blå blå blå blå blå blå blå blå blå blå blå blå blå blå blå blå blå blå blå blå blå blå blå blå blå blå blå blå blå blå blå blå blå blå blå blå blå blå blå blå blå blå blå blå blå blå blå blå blå blå blå blå blå blå blå blå bl blå blå blå bl blå blå blå blå blå bl blå blå blå blå bl blå blå blå blå bl blå blå bl blå bl blå blå blå bl blå blå blå blå blå blå blå blå blå blå blå blå blå blå blå blå blå blå blå blå blå blå blå blå blå blå blå blå blå blå blå blå blå blå blå blå,,,"[0.8, 0.6666666666666666, 1.0, 1.0, 1.0, 0.75, 1.0, 0.75, 1.0, 0.6666666666666666]",8.633333333333333,1.0,209,a33_words_0_10.wav,../3x10_Concatenations/3x10_id_sorted,17.24,21.6
a33,[5 3 4 5 3 4 5 4 3 3],blokk blomst blyant børste bra brå briller bro brød bror,blomst blindt børste dra børter og børter briller børter børter børter,,,"[1.0, 0.8333333333333334, 1.0, 1.0, 0.6666666666666666, 0.6666666666666666, 1.0, 0.6666666666666666, 0.6666666666666666, 0.5]",8.0,1.0,1,a33_words_10_20.wav,../3x10_Concatenations/3x10_id_sorted,0.625,0.9
a34,[3 4 3 4 2 4 4 3 3 3],artist bær bar barn bart bjørn blå blad bleie blod,bjørn bjørn bjørn bjørn bjørn bjørn bjørn bjørn bjørn bjørn bjørn bjørn bjørn bjørn bjørn bjørn bjørn bjørn bjørn bjørn bjørn bjørn bjørn bjørn bjørn bjørn bjørn bjørn bjørn bjørn bjørn bjørn bjørn bjørn bjørn bjørn bjørn bjørn bjørn bjørn bjørn bjørn bjørn bjørn bjørn bjørn bjørn bjørn bjørn bjørn bjørn bjørn bjørn bjørn bjørn bjørn bjørn bjørn bjørn bjørn bjørn bjørn bjørn bjørn bjørn bjørn bjørn bjørn bjørn bjørn bjørn bjørn bjørn bjørn bjørn bjørn bjørn bjørn bjørn bjørn bjørn bjørn bjørn bjørn bjørn bjørn bjør er er bjørn bjr er er er er er er er t er er er er er bjør er er er t hør er bjør er er hør er er er er er er er er er er er t hør t hør er,,,"[0.8, 1.0, 0.6666666666666666, 0.6666666666666666, 0.3333333333333333, 0.75, 0.6666666666666666, 0.5, 0.75, 0.6666666666666666]",6.8,1.0,121,a34_words_0_10.wav,../3x10_Concatenations/3x10_id_sorted,12.6,13.0
a34,[2 5 5 4 3 3 3 4 3 3],blokk blomst blyant børste bra brå briller bro brød bror,brøtt blomst blir kjent børste bra bra brusj brusj brua bru brua,,,"[0.5, 1.0, 1.0, 1.0, 0.3333333333333333, 0.6666666666666666, 0.6666666666666666, 0.6666666666666666, 0.6666666666666666, 0.5]",7.0,1.0,2,a34_words_10_20.wav,../3x10_Concatenations/3x10_id_sorted,0.44642857142857145,0.9
d01,[2 5 5 5 5 5 5 4 5 5],artist barn bart bjørn blå blad bleie blokk blomst blyant,blå blå blå blåh,,,"[0.4, 1.0, 1.0, 1.0, 1.0, 1.0, 1.0, 1.0, 1.0, 1.0]",9.4,1.0,-6,d01_words_0_10.wav,../3x10_Concatenations/3x10_id_sorted,0.7894736842105263,0.9
d01,[5 5 5 5 5 5 5 5 5 5],børste briller bro brød bror brun bryter buss by bygge,børste driller bro bro bro brord da bror bror bror bryter bryter bryter by,,,"[1.0, 1.0, 1.0, 1.0, 1.0, 1.0, 1.0, 1.0, 1.0, 1.0]",10.0,1.0,4,d01_words_10_20.wav,../3x10_Concatenations/3x10_id_sorted,0.6111111111111112,1.0
d02,[3 5 5 5 5 5 5 5 5 5],artist bart bjørn blå blad bleie blokk blomst blyant børste,akerst bart bjørn blå blad bleie kavetallerpause blokk blomst bleie jotun blå blyant børte,,,"[0.8, 1.0, 1.0, 1.0, 1.0, 1.0, 1.0, 1.0, 1.0, 1.0]",9.8,1.0,4,d02_words_0_10.wav,../3x10_Concatenations/3x10_id_sorted,0.6101694915254238,0.6
d02,[5 4 5 5 5 5 4 5 3 5],briller bro brød bror brun bryter buss by bygge dør,briller brun bror bror brun brun brus puss by by by by by by by by by by by by by by by byeb,,,"[1.0, 0.6666666666666666, 1.0, 1.0, 1.0, 1.0, 0.6666666666666666, 1.0, 0.5, 1.0]",8.833333333333332,1.0,14,d02_words_10_20.wav,../3x10_Concatenations/3x10_id_sorted,1.0588235294117647,2.0
d03,[5 5 5 5 4 3 4 4 3 5],artist barn bart bjørn blå blad bleie blokk blomst blyant,artist barn bark bjørn blå lad bleie blokk blomst blunst blyant flyjant,,,"[1.0, 1.0, 1.0, 1.0, 0.6666666666666666, 0.75, 0.75, 1.0, 0.8333333333333334, 1.0]",9.0,1.0,2,d03_words_0_10.wav,../3x10_Concatenations/3x10_id_sorted,0.2982456140350877,0.4
d03,[5 5 4 3 4 4 3 4 5 5],børste briller bro brød bror brun bryter buss by bygge,børste briller period rød beror rund hytter buss by by by by by by by by by by by by by by by by by by by by,,,"[1.0, 1.0, 0.6666666666666666, 0.6666666666666666, 0.75, 1.0, 0.8333333333333334, 1.0, 1.0, 1.0]",8.916666666666666,1.0,18,d03_words_10_20.wav,../3x10_Concatenations/3x10_id_sorted,1.2037037037037037,2.4
d04,[5 5 5 5 5 4 5 5 5 5],artist barn bart bjørn blå blad bleie blokk blomst blyant,artist barn bart bjørn blå blå blåk blokk blokk blokk blokk blokk blomst blomst,,,"[1.0, 1.0, 1.0, 1.0, 1.0, 0.75, 1.0, 1.0, 1.0, 1.0]",9.75,1.0,4,d04_words_0_10.wav,../3x10_Concatenations/3x10_id_sorted,0.5263157894736842,0.7
d04,[5 5 5 5 4 5 3 5 5 5],børste briller bro brød bror brun bryter buss by bygge,børste briller bro bro bro bro bror s bro bror bror bror by by by by by by by by by by by by by by by by by by by,,,"[1.0, 1.0, 1.0, 1.0, 0.75, 1.0, 0.8333333333333334, 1.0, 1.0, 1.0]",9.583333333333334,1.0,21,d04_words_10_20.wav,../3x10_Concatenations/3x10_id_sorted,1.3333333333333333,2.6
d05,[5 5 3 5 5 5 5 5 5 3],artist barn bart bjørn blå blad bleie blokk blomst blyant,artist s barth barth bjørn blå bladet bleie blått blått blå blå blå,,,"[1.0, 1.0, 0.6666666666666666, 1.0, 1.0, 1.0, 1.0, 1.0, 1.0, 0.8333333333333334]",9.5,1.0,3,d05_words_0_10.wav,../3x10_Concatenations/3x10_id_sorted,0.38596491228070173,0.9
d05,[5 5 5 5 5 5 5 3 5 5],børste briller bro brød bror brun buss by bygge dør,børste briller bro bro bro bror s bror s bro s bro s bro s bro s bro dør dør,,,"[1.0, 1.0, 1.0, 1.0, 1.0, 1.0, 1.0, 0.5, 1.0, 1.0]",9.5,1.0,10,d05_words_10_20.wav,../3x10_Concatenations/3x10_id_sorted,0.6862745098039216,1.5
d06,[5 4 5 5 4 5 5 5 5 5],artist barn bart bjørn blå blad bleie blokk blomst blyant,artist barn barn bjørn blå bjørn blå blå blukk blåk blåk blokk blokk blokk blokk blokk blokk blå,,,"[1.0, 0.6666666666666666, 1.0, 1.0, 0.6666666666666666, 1.0, 1.0, 1.0, 1.0, 1.0]",9.333333333333332,1.0,8,d06_words_0_10.wav,../3x10_Concatenations/3x10_id_sorted,0.9122807017543859,1.3
d06,[5 5 5 5 4 5 5 4 5 4],børste briller bro brød bror brun bryter buss by bygge,børste fyrdeler fyrdeler fyrdeler fyrde børde børdele sjåovrdue fjord byggebygge byggebygge bygge bygge,,,"[1.0, 1.0, 1.0, 1.0, 0.75, 1.0, 1.0, 0.6666666666666666, 1.0, 0.75]",9.166666666666666,1.0,3,d06_words_10_20.wav,../3x10_Concatenations/3x10_id_sorted,1.1851851851851851,1.1
d07,[5 5 5 5 5 5 5 5 4 4],artist barn bart bjørn blå blad bleie blokk blomst blyant,artist barn barn blå bjørn blå blå blåh,,,"[1.0, 1.0, 1.0, 1.0, 1.0, 1.0, 1.0, 1.0, 1.0, 0.8333333333333334]",9.833333333333334,1.0,-2,d07_words_0_10.wav,../3x10_Concatenations/3x10_id_sorted,0.45614035087719296,0.7
d07,[5 5 4 4 5 5 5 5 5 5],børste briller bro brød bror brun bryter buss by bygge,børste briller berø bror bror bryter buss buss by by by by by by by by by by by by by by by by by,,,"[1.0, 1.0, 0.6666666666666666, 0.6666666666666666, 1.0, 1.0, 1.0, 1.0, 1.0, 1.0]",9.333333333333332,1.0,15,d07_words_10_20.wav,../3x10_Concatenations/3x10_id_sorted,1.0555555555555556,2.0
d08,[5 2 4 4 4 4 3 5 3 4],artist barn bart bjørn blå blad bleie blokk blomst blyant,mæhd bæhdd bæhddbæhddbæhddbæhdbæhdbæhdbæhdbæhdbæhdbæhdbæhdbæhdbæhdbæhdbæhdbæhdbæhdbæhdbæhdbæhdbæhdbæhdbæhdbæhdbæhdbæhdbæhdbæhdbæhdbæhdbæhdbæhdbæhdbæhdbæhdbæhdbæhdbæhdbæhdbæhdbæhdbæhdbæhdbæhdbæhdbæhdbæhdbæhdbæhdbæhdbæhdbæhdbæhdbæhdbæhdbæhdbæhdbæhdbæhdbæhdbæhdbæhdbæhdbæhdbæhdbæhdbbbbbbbbbbbbbbbbbbbbbbbbbbbbbbbbbbbbbbbbbbbbbbbbbbbbbbbbbbbbbbbbbbbbbbbbbbbbbbbbbbbbbbbbbbbbbbbbbbbbbbbbbbbbbbbbbbbbbbbbbbbbbbbbbbbbbbbbbbbbbbbbbbbbbbbbbbbbbbbbbbbbbbbb,,,"[1.0, 0.3333333333333333, 1.0, 1.0, 0.6666666666666666, 1.0, 0.75, 1.0, 0.6666666666666666, 1.0]",8.416666666666668,1.0,-7,d08_words_0_10.wav,../3x10_Concatenations/3x10_id_sorted,7.631578947368421,1.0
d08,[2 4 5 5 3 5 3 4 4 5],børste briller brød bror brun bryter buss by bygge dør,bile tror jeg tror jeg tror jeg tror jeg tror at jeg tror at jeg tror at jeg,,,"[0.4, 1.0, 1.0, 1.0, 0.75, 1.0, 0.3333333333333333, 1.0, 1.0, 1.0]",8.483333333333333,1.0,8,d08_words_10_20.wav,../3x10_Concatenations/3x10_id_sorted,1.0185185185185186,1.8
d09,[2 5 3 2 2 4 4 4 2 5],artist barn bart bjørn blå blad bleie blokk blomst børste,bak bakke piapia pusta larsen blod blei breie,,,"[0.6, 1.0, 0.6666666666666666, 0.5, 0.3333333333333333, 1.0, 1.0, 1.0, 0.6666666666666666, 1.0]",7.766666666666667,1.0,-2,d09_words_0_10.wav,../3x10_Concatenations/3x10_id_sorted,0.6842105263157895,1.0
d09,[3 5 4 3 5 5 5 5 5 5],briller bro brød brun bryter buss by bygge dør drikke,gud mo tro tro tro tro tro tro tro tro tro tro,,,"[0.6666666666666666, 1.0, 0.6666666666666666, 0.75, 1.0, 1.0, 1.0, 1.0, 1.0, 1.0]",9.083333333333332,1.0,2,d09_words_10_20.wav,../3x10_Concatenations/3x10_id_sorted,0.7358490566037735,1.2
d10,[3 5 5 5 5 3 5 4 5 5],artist barn bart bjørn blå blad bleie blokk blomst blyant,det er tist barn barn barn bjørn blå blå blåk blå blå blå blå blå blå blå blå blå blå blå blå blå blå blå blå blå blå blå blå blå blå blå blå blå blå blå blå blå blå blå blå blå blå blå blå blå blå blå blå blå blå blå blå blå blå blå blå blom bla bla blå blå bla blå blå blå blå blå blå blå blå blå blå blå blå blå blå blå blå blå blå blå blå blå blå blå blå blå blå blå blå blå blå blå blå blå blå blå blå blå blå blå blå blå blå blå blå blå blå blå blå bl blå blå blå blå blå bl blå blå blå blå bl blå bl blå blå bl,,,"[0.8, 1.0, 1.0, 1.0, 1.0, 0.5, 1.0, 0.75, 1.0, 1.0]",9.05,1.0,119,d10_words_0_10.wav,../3x10_Concatenations/3x10_id_sorted,8.333333333333334,12.6
d10,[5 5 5 5 4 5 5 5 3 5],børste briller bro brød bror brun bryter buss by bygge,børste briller bro bro bro bror bror brun britor britor britor buss buss,,,"[1.0, 1.0, 1.0, 1.0, 0.75, 1.0, 1.0, 1.0, 0.0, 1.0]",8.75,0.9,3,d10_words_10_20.wav,../3x10_Concatenations/3x10_id_sorted,0.5555555555555556,0.8
d11,[5 5 4 5 1 3 5 2 5 5],artist barn bart bjørn blå blad bleie blokk blomst blyant,var tiss barn bartj bjørn bjørn bård båd båd båd bred breie boks blomst blimt blimt blindt,,,"[1.0, 1.0, 0.6666666666666666, 1.0, 0.3333333333333333, 0.5, 1.0, 0.25, 1.0, 1.0]",7.75,1.0,7,d11_words_0_10.wav,../3x10_Concatenations/3x10_id_sorted,0.7543859649122807,1.4
d11,[5 5 5 5 3 4 5 4 5 5],børste briller bro brød bror brun bryter buss by bygge,børste briller true true truen truen trister tys dy,,,"[1.0, 1.0, 1.0, 1.0, 0.5, 1.0, 1.0, 1.0, 1.0, 1.0]",9.5,1.0,-1,d11_words_10_20.wav,../3x10_Concatenations/3x10_id_sorted,0.46296296296296297,0.8
d12,[5 5 4 5 5 5 5 4 5 5],artist barn bart bjørn blå blad bleie blokk blomst blyant,er trist barn bart bjørn blå blå pleie blåk plak plak plak plak brøn s brønst blå plient,,,"[1.0, 1.0, 0.6666666666666666, 1.0, 1.0, 1.0, 1.0, 1.0, 1.0, 1.0]",9.666666666666666,1.0,8,d12_words_0_10.wav,../3x10_Concatenations/3x10_id_sorted,0.7368421052631579,1.4
d12,[4 5 5 5 3 5 4 5 5 5],børste briller bro brød bror brun bryter buss by bygge,bæsja briller bro bro brio brio brio bror bror bror bror bror bror bror,,,"[0.8, 1.0, 1.0, 1.0, 0.75, 1.0, 1.0, 1.0, 1.0, 1.0]",9.55,1.0,4,d12_words_10_20.wav,../3x10_Concatenations/3x10_id_sorted,0.6851851851851852,1.1
d13,[5 2 5 5 5 5 5 4 5 5],artist barn bart bjørn blå blad bleie blokk blomst blyant,blå blå bleie blå klokk blå klukk lukk blå k l l l l l l l l l l l l l l l l l,,,"[1.0, 0.3333333333333333, 1.0, 1.0, 1.0, 0.75, 1.0, 1.0, 1.0, 1.0]",9.083333333333332,1.0,17,d13_words_0_10.wav,../3x10_Concatenations/3x10_id_sorted,1.0350877192982457,2.6
d13,[3 5 5 4 5 5 4 5 3 5],børste briller bro brød bror brun bryter buss by bygge,briller bror pe bror bror bror bror bror bror bror bror bygge bygge bygge bygge bygge bygge bygge by,,,"[0.8, 1.0, 1.0, 0.6666666666666666, 1.0, 1.0, 1.0, 1.0, 0.5, 1.0]",8.966666666666667,1.0,9,d13_words_10_20.wav,../3x10_Concatenations/3x10_id_sorted,1.1481481481481481,1.7
d14,[5 4 3 5 5 4 4 4 3 4],artist barn bart bjørn blå blad bleie blokk blomst blyant,er tids barn barn barn barn barn barn barn blomst blomst blomst blomst blomst blomst blomst blomst blomst blomst blomst blyant,,,"[1.0, 0.6666666666666666, 0.6666666666666666, 1.0, 1.0, 0.75, 0.75, 1.0, 0.8333333333333334, 0.8333333333333334]",8.5,1.0,11,d14_words_0_10.wav,../3x10_Concatenations/3x10_id_sorted,1.4385964912280702,1.8
d14,[5 2 3 4 3 3 2 5 5 4],børste briller bro brød bror brun bryter buss by bygge,første bidelig bio pia pie pie pie pie pi bi bi bi bi bi bi bi bi bi bi bi bi,,,"[1.0, 0.6666666666666666, 0.6666666666666666, 0.6666666666666666, 0.5, 0.75, 0.6666666666666666, 1.0, 1.0, 0.75]",7.666666666666666,1.0,11,d14_words_10_20.wav,../3x10_Concatenations/3x10_id_sorted,0.9814814814814815,2.1
d15,[5 5 5 4 5 5 5 5 5 5],artist barn bart bjørn blå blad bleie blokk blomst blyant,artist dan bart bjørn blå blå lukk blå lukk blomst blomst blomst blomst blomst blomst,,,"[1.0, 1.0, 1.0, 0.75, 1.0, 1.0, 1.0, 1.0, 1.0, 1.0]",9.75,1.0,5,d15_words_0_10.wav,../3x10_Concatenations/3x10_id_sorted,0.7192982456140351,1.0
d15,[5 5 5 5 4 4 5 5 5 5],børste briller bro brød bror brun bryter buss by bygge,børste driller bro bro brød brød bror bru brød bygge brød,,,"[1.0, 1.0, 1.0, 1.0, 0.75, 0.75, 1.0, 1.0, 1.0, 1.0]",9.5,1.0,1,d15_words_10_20.wav,../3x10_Concatenations/3x10_id_sorted,0.3888888888888889,0.8
d16,[5 5 5 5 5 5 5 5 5 4],artist barn bart bjørn blå blad bleie blokk blomst blyant,arkist ball bart bjørn blå bleie blåk blåk blåk blåk blåk blåk blåk blåk blåk blåk blåk blåk har blåk har hær har hær har hær har hær har hær ha har hær ha har hæ hæ hæ hæ hæ hæ hæ hæ hæ hæ hæ hæ hæ ha hæ hæ hæ hæ hæ hæ hæ hæ hæ hæ hæ hæ hæ hæ hæ hæ hæ hæ hæ hæ hæ hæ hæ hæ hæ hæ hæ hæ hæ hæ hæ hæ hæ hæ hæ hæ hæ hæ hæ hæ hæ hæ hæ hæ hæ hæ hæ hæ hæ hæ hæ hæ hæ hæ hæ hæ hæ hæ hæ hæ hæ hæ hæ hæ hæ hæ hæ hæ hæ hæ hæ hæ hæ hæ hæ hæ hæ hæ hæ hæ hæ hæ hæ hæ hæ hæ hæ hæ hæ hæ hæ hæ hæ hæ hæ hæ hæ hæ h he hæ h ha he hæ h ha ha ha ha ha ha ha ha ha ha ha ha ha ha ha ha ha ha ha hæ ha hed ha ha ha hed ha h ha ha ha ha ha ha ha ha ha ha ha ha ha ha ha ha,,,"[1.0, 1.0, 1.0, 1.0, 1.0, 1.0, 1.0, 1.0, 1.0, 1.0]",10.0,1.0,189,d16_words_0_10.wav,../3x10_Concatenations/3x10_id_sorted,10.666666666666666,19.6
d16,[4 5 5 5 5 5 5 5 5 5],børste briller bro brød bror brun bryter buss by bygge,bøyte briller bro bro bro bror bror bror bror bror bror bror bror,,,"[0.8, 1.0, 1.0, 1.0, 1.0, 1.0, 1.0, 1.0, 1.0, 1.0]",9.8,1.0,3,d16_words_10_20.wav,../3x10_Concatenations/3x10_id_sorted,0.5370370370370371,1.0
d17,[4 5 5 5 5 5 4 5 5 4],artist barn bart bjørn blå blad bleie blokk blomst blyant,artist barn bart barn bart barn bart boll blomst blomst blomst blomst blomst blomst blomst blomst blomst blomst blomst,,,"[0.8, 1.0, 1.0, 1.0, 1.0, 1.0, 1.0, 1.0, 1.0, 1.0]",9.8,1.0,9,d17_words_0_10.wav,../3x10_Concatenations/3x10_id_sorted,1.2982456140350878,1.5
d17,[4 5 4 5 4 5 5 5 5 5],børste briller bro brød bror brun bryter buss by bygge,barste briller bro bru brusj bru brusj bru buss b b b b b b b b b b b b b b b b b b b b b by b by by by by,,,"[0.8, 1.0, 0.6666666666666666, 1.0, 0.75, 1.0, 1.0, 1.0, 1.0, 1.0]",9.216666666666667,1.0,26,d17_words_10_20.wav,../3x10_Concatenations/3x10_id_sorted,1.2222222222222223,3.2
d18,[5 3 5 5 5 5 5 5 5 5],artist barn bart bjørn blå blad bleie blokk blomst blyant,artist barn barn barn barn barn barn blongs blong blong,,,"[1.0, 0.6666666666666666, 1.0, 1.0, 1.0, 1.0, 1.0, 1.0, 1.0, 1.0]",9.666666666666666,1.0,0,d18_words_0_10.wav,../3x10_Concatenations/3x10_id_sorted,"[0.0, 0.0, 0.25, 0.4, 1.0, 0.75, 0.8, 0.6, 0.5, 0.5]",0.8
d18,[5 5 5 5 4 5 4 5 5 5],børste briller bro brød bror brun bryter buss by bygge,bergstø brond bro brond bror bror bror bror bror bror bror bror bror b bro borg bo bo bo bo bo bo bo bo bo bo bo b bo b,,,"[1.0, 1.0, 1.0, 1.0, 0.75, 1.0, 1.0, 1.0, 1.0, 1.0]",9.75,1.0,20,d18_words_10_20.wav,../3x10_Concatenations/3x10_id_sorted,1.5740740740740742,2.8
d19,[3 3 5 5 5 4 5 5 5 5],artist barn bart bjørn blå blad bleie blokk blomst blyant,agder barn barn barn bjarn bjarn bjarn bjarn bjarn bjarn bjarn bjarn bjarn bjarn bjarn bjarn bjarn bjarn bjarn bjarn bjarn bjarn bjarn bjarn bjarn bjarn bjarn bjarn bjarn bjarn bjarn bjarn bjarn bjarn bjarn bjarn bjarn bjarn bjarn bjarn bjarn bjarn bjarn bjarn bjarn bjarn bjarn bjarn bjarn bjarn bjarn bjarn bjarn bjarn bjarn bjarn bjarn bjarn bjarn bjarn bjarn bjarn bjarn bjarn bjarn bjarn bjarn bjarn bjarn bjarn bjarn bjarn bjarn bjarn bjarn bjarn bjarn bjarn bjarn bjarn bjarn bjarn bjarn bjarn bjarn bjarn bjarn bjarn bjarn bjarn bjarn bjarn bjarn bjarn bjarn bjarn bjarn bjarn bjarn bjarn bjarn bjarn bjarn bjarn bjarn bjarn bjarn bjarn bjarn bjarn bjarn bjarn bjarn bjarn bjarn bjarn bjarn bjarn bjarn bjarn bjarn bjarn bjarn bjarn bjarn bjarn bjarn bjarn bjarn bjarn bjarn bjarn bjarn bjarn bjarn bjarn bjarn bjarn bjarn bjarn bjarn bjarn bjarn bjarn bjarn bjarn bjarn bjarn bjarn b,,,"[0.6, 0.6666666666666666, 1.0, 1.0, 1.0, 1.0, 1.0, 1.0, 1.0, 1.0]",9.266666666666666,1.0,140,d19_words_0_10.wav,../3x10_Concatenations/3x10_id_sorted,15.105263157894736,14.9
d19,[5 5 3 3 3 2 2 4 3 5],børste briller bro brød bror brun bryter buss by bygge,bli marsja blå blå blå blå blå blå blå blå blå blå blå bl,,,"[1.0, 1.0, 0.6666666666666666, 0.3333333333333333, 0.5, 0.5, 0.6666666666666666, 0.6666666666666666, 0.5, 1.0]",6.833333333333333,1.0,4,d19_words_10_20.wav,../3x10_Concatenations/3x10_id_sorted,0.7407407407407407,1.4
