score,input_string,translated_string,translated_CER,translated_WER,target_CER,target_WER,unique_id's,speaker_id's,length_deviation_words,audio_name,audio_path
1,øre sjakk rød planke ødelagt glorie krakk blå grave svart,det er jo noen det er jo noen det er jo noen det er jo noen,0.8771929824561403,1.6,0.17647058823529413,0.7,"['d17', 'd09', 'd16', 'd13', 'd19', 'd11']","['d19', 'd19', 'd19', 'd17', 'd17', 'd16', 'd13', 'd11', 'd09', 'd09']",6,words_0_10.wav,../../3x10_Concatenations/3x10_score_1_sorted
1,korn tjern skulder skjørt støvel pluss sjø grønn horn ugle,upp sjeg hjeg hjeg hjeg hjeg hjeg hjeg hjeg hjeg hjeg hjeg hjeg hjeg hjeg hjeg hjeg hjeg hjeg hjeg hjeg hjeg hjeg hjeg hjeg hjeg hjeg hjeg hjeg hjeg hjeg hjeg hjeg hjeg hjeg hjeg hjeg hjeg hjeg hjeg hjeg hjeg hjeg hjeg hjeg hjeg hjeg hjeg hjeg hjeg hjeg hjeg hjeg hjeg hjeg hjeg hjeg hjeg hjeg hjeg hjeg hjeg hjeg hjeg hjeg hjeg hjeg hjeg hjeg hjeg hjeg hjeg hjeg hjeg hjeg hjeg hjeg hjeg hjeg hjeg hjeg hjeg hjeg hjeg hjeg hjeg hjeg hjeg hjeg hjeg hjeg hjeg hjeg hjeg hjeg hjeg hjeg hjeg hjeg hjeg hjeg hjeg hjeg hjeg hjeg hjeg hjeg hjeg hjeg hjeg hjeg h,9.241379310344827,11.2,0.03896103896103896,0.3,"['d07', 'a34', 'd08', 'a30']","['d08', 'd08', 'd08', 'd08', 'd08', 'd08', 'd08', 'd07', 'a34', 'a30']",102,words_10_20.wav,../../3x10_Concatenations/3x10_score_1_sorted
2,glorie klo kjerne hylle fregner brun bryter flakse drue krakk,blåle blåle pren heller plain blåle blåle blåle blåle blåle,"[0.6666666666666666, 1.3333333333333333, 0.6666666666666666, 0.4, 0.8571428571428571, 1.0, 0.6666666666666666, 0.6666666666666666, 1.0, 1.0]",1.0,0.26881720430107525,1.0,['d19'],"['d19', 'd19', 'd19', 'd19', 'd19', 'd19', 'd19', 'd19', 'd19', 'd19']",0,words_0_10.wav,../../3x10_Concatenations/3x10_score_2_sorted
2,skive søppel skøyter trapp skitten løve premie krykke grå søster,fjølkje fjølkje fjølkje fjølkje fjølkje fjølkje fjølkje fjølkje fjølkje fjølkje fjølkje,1.046875,1.1,0.25274725274725274,1.0,"['d17', 'd19', 'd16']","['d19', 'd19', 'd19', 'd19', 'd19', 'd19', 'd19', 'd17', 'd16', 'd16']",1,words_10_20.wav,../../3x10_Concatenations/3x10_score_2_sorted
2,plystre kvern glorie klem bryter briller drue barn start løve,pristre kva? klo kram bt bl dv bl dv bl dv bl dv dv dv dv dv dv dv dv dv dv dv dv dv dv dv dv dv dv dv dv dv dv dv dv dv dv dv dv dv dv dv dv dv dv dv dv dv dv dv dv dv dv dv dv dv dv dv dv dv dv dv dv dv dv dv dv dv dv dv dv dv dv dv dv dv dv dv dv dv dv dv dv dv dv dv dv dv dv dv dv dv dv dv dv dv dv dv dv dv dv dv dv dv dv dv dv dv dv dv dv,5.278688524590164,11.2,0.2631578947368421,1.0,"['d15', 'd16', 'd14', 'd13']","['d16', 'd15', 'd14', 'd14', 'd14', 'd14', 'd14', 'd13', 'd13', 'd13']",102,words_20_30.wav,../../3x10_Concatenations/3x10_score_2_sorted
2,plystre blokk horn søle svømme svart glorie garn blomst blå,priste doki um sjell sjell sjell sjell sjell gjell gjell gjell gjell gjell gjell gjell gjell gjell gjell gjell gjell gjell gjell gjell gjell gjell gjell gjell gjell gjell gjell gjell gjell gjell gjell gjell gjell gjell gjell gjell gjell gjell gjell gjell gjell gjell gjell gjell gjell gjell gjell gjell gjell gjell gjell gjell gjell gjell gjell gjell gjell gjell gjell gjell gjell gjell gjell gjell gjell gjell gjell gjell gjell gjell gjell gjell gjell gjell gjell gjell gjell gjell gjell gjell gjell gjell gjell gjell gjell gjell gjell gjell gjell gjell gjell gjell gjell gjell gjell gjell gjell gjell gjell gjell gjell gjell gjell gjell gjell gjell gjell gjell gjell,10.915254237288135,11.2,0.24719101123595505,1.0,"['d09', 'd12', 'd10', 'd11']","['d12', 'd11', 'd10', 'd10', 'd10', 'd10', 'd09', 'd09', 'd09', 'd09']",102,words_30_40.wav,../../3x10_Concatenations/3x10_score_2_sorted
2,bjørn artist søt terning løve horn glorie glad kikkert børste,jeg fikk det som laksen hva er det?,0.7377049180327869,1.0,0.25882352941176473,1.0,"['d09', 'd08']","['d09', 'd09', 'd09', 'd09', 'd09', 'd08', 'd08', 'd08', 'd08', 'd08']",-2,words_40_50.wav,../../3x10_Concatenations/3x10_score_2_sorted
2,barn flette drue skjema smart vindu tralle munn glorie horn,og,0.9830508474576272,1.0,0.21686746987951808,0.9,"['d06', 'd07', 'd08']","['d08', 'd08', 'd08', 'd08', 'd08', 'd08', 'd08', 'd08', 'd07', 'd06']",-9,words_50_60.wav,../../3x10_Concatenations/3x10_score_2_sorted
2,ugle kurv drikke søle svømme rød artist hjørne hjort glis,i går det kjedef plakke søre sømmer har du? det er at det st i anne ut ut ut ut,0.8421052631578947,2.0,0.16455696202531644,0.7,"['d06', 'a34', 'd02', 'd01']","['d06', 'd06', 'd02', 'd02', 'd02', 'd02', 'd01', 'a34', 'a34', 'a34']",10,words_60_70.wav,../../3x10_Concatenations/3x10_score_2_sorted
2,kort korn klo klem kikkert blokk bart fortid fortau fort,gått gått gått gått gått kram sikket bryk batt førtet førtet førtet føtt,0.7678571428571429,1.3,0.1917808219178082,1.0,['a34'],"['a34', 'a34', 'a34', 'a34', 'a34', 'a34', 'a34', 'a34', 'a34', 'a34']",3,words_70_80.wav,../../3x10_Concatenations/3x10_score_2_sorted
3,frakk hjerne grønn grave grå glitter frø hjerte hjørne hus,"flak, ljern glam glam glom blitt hjel flak i atte jo no",0.5862068965517241,1.2,0.3670886075949367,1.0,['d19'],"['d19', 'd19', 'd19', 'd19', 'd19', 'd19', 'd19', 'd19', 'd19', 'd19']",2,words_0_10.wav,../../3x10_Concatenations/3x10_score_3_sorted
3,krabbe fortau bror brød bro barn artist ekorn fort flaske,plag for alt blod blod blod blod og det er ikke det er ikke for flast her,0.7543859649122807,1.7,0.3291139240506329,1.0,['d19'],"['d19', 'd19', 'd19', 'd19', 'd19', 'd19', 'd19', 'd19', 'd19', 'd19']",7,words_10_20.wav,../../3x10_Concatenations/3x10_score_3_sorted
3,fjorten by drops drikke søster sølv snørr smart sky skjerm,"vi har å bli loppse glittet hes seg siste, siste, siste, snal, smart, frik, fjell,",0.9310344827586207,1.5,0.34177215189873417,1.0,['d19'],"['d19', 'd19', 'd19', 'd19', 'd19', 'd19', 'd19', 'd19', 'd19', 'd19']",5,words_20_30.wav,../../3x10_Concatenations/3x10_score_3_sorted
3,skjerf skjema svart kran turn trylle troll tre tralle skjære,halt! hva? gland! gland! gland! gland! gland! gland!,0.8166666666666667,1.0,0.3670886075949367,1.0,['d19'],"['d19', 'd19', 'd19', 'd19', 'd19', 'd19', 'd19', 'd19', 'd19', 'd19']",-2,words_30_40.wav,../../3x10_Concatenations/3x10_score_3_sorted
3,mus løpe kurv skip kropp skilpadde sjiraff pluss plaster hjerne,når vikører påkører påklopsyll på måsyll på måsyll påbløspostetjærne,0.7936507936507936,1.0,0.39325842696629215,1.0,"['d18', 'd19']","['d19', 'd19', 'd19', 'd19', 'd19', 'd19', 'd19', 'd19', 'd19', 'd18']",-1,words_40_50.wav,../../3x10_Concatenations/3x10_score_3_sorted
3,garn horn hus barn fortau drikke sky skjerf kvart skjære,gårn hvor? hvor? hvor? hvor? hvor? hvor? hvor? hvor?,0.6607142857142857,1.0,0.34782608695652173,1.0,['d18'],"['d18', 'd18', 'd18', 'd18', 'd18', 'd18', 'd18', 'd18', 'd18', 'd18']",-1,words_50_60.wav,../../3x10_Concatenations/3x10_score_3_sorted
3,pluss prins hjørne drue sky svart svømme ugle kvern sjakk,bløsig brings pjånne hæ geru deg hæ sva sva med kla tva en sva,0.6140350877192983,1.4,0.36363636363636365,1.0,"['d17', 'd18']","['d18', 'd18', 'd17', 'd17', 'd17', 'd17', 'd17', 'd17', 'd17', 'd17']",4,words_60_70.wav,../../3x10_Concatenations/3x10_score_3_sorted
3,horn grønn glass karneval jus enhjørning dyne dykke drue sky,un grann klaft karnval ryus en annen inn din du ikke du røver,0.48333333333333334,1.3,0.3253012048192771,0.9,['d16'],"['d16', 'd16', 'd16', 'd16', 'd16', 'd16', 'd16', 'd16', 'd16', 'd16']",3,words_70_80.wav,../../3x10_Concatenations/3x10_score_3_sorted
3,svømme skjerf lys kurv plaster skjære skive sjakk prins hjørne,så vemmet kjørif litt gør dottet sjære jjør jjør prin jørene,0.5,1.1,0.35294117647058826,1.0,"['d15', 'd16']","['d16', 'd16', 'd16', 'd16', 'd16', 'd16', 'd16', 'd16', 'd16', 'd15']",1,words_80_90.wav,../../3x10_Concatenations/3x10_score_3_sorted
3,horn korn fortau flagg drue smør skjorte turn grave grønn,hvorfor ten slange? det er du det smell stortet tudet gjerne gjerne,0.7017543859649122,1.2,0.3333333333333333,1.0,"['d15', 'd14']","['d15', 'd15', 'd15', 'd15', 'd15', 'd15', 'd15', 'd15', 'd14', 'd14']",2,words_90_100.wav,../../3x10_Concatenations/3x10_score_3_sorted
3,gris glør glitter glass hus frø krakk fregner brun bror,gis gudet deg gudet deg dette dette dette dette dette dette dette dette dette dette dette dette dette dette dette dette dette dette dette dette dette dette dette dette dette dette dette dette dette dette dette dette dette dette dette dette dette dette dette dette dette dette dette dette dette dette dette dette dette dette dette dette dette dette dette dette dette dette dette dette dette dette dette dette dette dette dette dette dette dette dette dette dette dette dette dette dette dette dette dette dette dette dette dette dette dette dette dette dette dette dette dette dette dette dette dette dette dette dette dette dette dette dette dette dette dette dette dette dette dette dette dette dette dette dette dette dette dette dette dette dette dette dette dette dette dette dette dette dette dette dette dette dette dette dette dette dette dette dette dette dette dette dette dette,15.8,14.9,0.3373493975903614,1.0,['d14'],"['d14', 'd14', 'd14', 'd14', 'd14', 'd14', 'd14', 'd14', 'd14', 'd14']",139,words_100_110.wav,../../3x10_Concatenations/3x10_score_3_sorted
3,bro blomst bart frakk drops kran krone søster smør skulder,det er jo prømst fjok djup fjong jonga sistig snøj skulelej,0.6206896551724138,1.1,0.3870967741935484,1.0,['d14'],"['d14', 'd14', 'd14', 'd14', 'd14', 'd14', 'd14', 'd14', 'd14', 'd14']",1,words_110_120.wav,../../3x10_Concatenations/3x10_score_3_sorted
3,ugle trylle troll tre trapp tralle kropp skjerf plaster øre,uttere tiene tjon tja tja tjon tja tja tja da sjjjjjjjjjjjjjjjjjjjjjjjjjjjjjjjjjjjjjjjjjjjjjjjjjjjjjjjjjjjjjjjjjjjjjjjjjjjjjjjjjjjjjjjjjjjjjjjjjjjjjjjjjjjjjjjjjjjjjjjjjjjjjjjjjjjjjjjjjjjjjjjjjjjjjjjjjjjjjjjjjjjjjjjjjjjjjjjjjjjjjjjjjjjjjjjjjjjjjjjjjjjjjjjjjjjjjjjjjjjjjjjjjjjjjjjjjjjjjjjjjjjjjjjjjjjjjjjjjjjjjjjjjjjjjjjjjjjjjjjjjjjjjjjjjjjjjjjjjjjjjjjjjjjjjjjjjjjjjjjjjjjjjjjjjjjjjjjjjjjjjjjjjjjjjjjjjjjjjjjjjjjjjjjjjjjjjjjjjjjjjjjjjjjjjjjjjjjjjjjjjjjjjjjjjjjjj,7.491525423728813,1.1,0.3411764705882353,1.0,['d14'],"['d14', 'd14', 'd14', 'd14', 'd14', 'd14', 'd14', 'd14', 'd14', 'd14']",1,words_120_130.wav,../../3x10_Concatenations/3x10_score_3_sorted
3,lys kurv lytte plystre sjiraff skjære rund rød prins hus,"lise, kjø, litte, pristig, svilt, seg gjør, gjør, gjør, gjør, gjør,",0.7678571428571429,1.1,0.35443037974683544,1.0,"['d13', 'd14']","['d14', 'd14', 'd14', 'd14', 'd14', 'd14', 'd14', 'd14', 'd14', 'd13']",1,words_130_140.wav,../../3x10_Concatenations/3x10_score_3_sorted
3,kjerne huske by børste drops søster sky kropp ugle turn,sal priske bier tastet røps røps røps røps skjer kjer kjer i kjøs i kjøs,0.9272727272727272,1.5,0.3670886075949367,1.0,['d13'],"['d13', 'd13', 'd13', 'd13', 'd13', 'd13', 'd13', 'd13', 'd13', 'd13']",5,words_140_150.wav,../../3x10_Concatenations/3x10_score_3_sorted
3,syk kurv rød grå glorie horn koffert kikkert bror drue,seg kredet kredet kredet kredet kredet kredet kredet kredet kredet kredet kredet kredet kredet kredet kredet kredet kredet kredet kredet kredet kredet kredet kredet kredet kredet kredet kredet kredet kredet kredet kredet kredet kredet kredet kredet kredet kredet kredet kredet kredet kredet kredet kredet kredet kredet kredet kredet kredet kredet kredet kredet kredet kredet kredet kredet kredet kredet kredet kredet kredet kredet kredet kredet kredet kredet kredet kredet kredet kredet kredet kredet kredet kredet kredet kredet kredet kredet kredet kredet kredet kredet kredet kredet kredet kredet kredet kredet kredet kredet kredet kredet kredet kredet kredet kredet kredet kredet kredet kredet kredet kredet kredet kredet kredet kredet kredet kredet kredet kredet kredet kredet kredet kredet kredet kredet kredet kredet kredet kredet kredet kredet kredet kredet kredet kredet kredet kredet kredet kredet kredet kredet kredet kredet kredet kredet kredet kredet kredet kredet kredet kredet kredet kredet kredet kredet kredet kredet kred,18.574074074074073,14.9,0.33766233766233766,1.0,"['d13', 'd12']","['d13', 'd13', 'd13', 'd12', 'd12', 'd12', 'd12', 'd12', 'd12', 'd12']",139,words_150_160.wav,../../3x10_Concatenations/3x10_score_3_sorted
3,søster trapp løve kvart skjære rød premie port hjørne frukt,søstig frapp løver kvart sade rø pive i hjemme fukt bjerne fikt,0.423728813559322,1.1,0.3614457831325301,0.9,"['d12', 'd11']","['d12', 'd12', 'd12', 'd12', 'd12', 'd12', 'd12', 'd12', 'd11', 'd11']",2,words_160_170.wav,../../3x10_Concatenations/3x10_score_3_sorted
3,glorie glør horn hund bror blad fortau stjerne start sky,"i løbret gløver kund, jøbret, platt, fort av stjern, størt, skj",0.5,1.1,0.34177215189873417,1.0,['d11'],"['d11', 'd11', 'd11', 'd11', 'd11', 'd11', 'd11', 'd11', 'd11', 'd11']",1,words_170_180.wav,../../3x10_Concatenations/3x10_score_3_sorted
3,svart turn trapp mus lytte lyn kvern ku port gul,såd tid drop nys lysk lysk lid i hjem kvann kj kjøl,0.7708333333333334,1.2,0.3230769230769231,1.0,"['d11', 'd10']","['d11', 'd11', 'd11', 'd11', 'd11', 'd11', 'd11', 'd11', 'd11', 'd10']",2,words_180_190.wav,../../3x10_Concatenations/3x10_score_3_sorted
3,gris glør kran kort huske kikkert artist blad by erter,jeg gør ikke gør ikke gør ikke du sker ikke jeg er det ikke bra ut du blir jeg er det ikke,1.0740740740740742,2.2,0.3291139240506329,0.9,['d10'],"['d10', 'd10', 'd10', 'd10', 'd10', 'd10', 'd10', 'd10', 'd10', 'd10']",12,words_190_200.wav,../../3x10_Concatenations/3x10_score_3_sorted
3,stjerne smykke mus kvart kurv kropp skitten skip glad glør,serne smikke nys kvart kvart krop sjettet sjip og kval,"[0.2857142857142857, 0.16666666666666666, 0.6666666666666666, 0.0, 0.75, 0.2, 0.42857142857142855, 0.25, 1.0, 1.0]",0.9,0.35443037974683544,1.0,"['d09', 'd10']","['d10', 'd10', 'd10', 'd10', 'd10', 'd10', 'd10', 'd10', 'd09', 'd09']",0,words_200_210.wav,../../3x10_Concatenations/3x10_score_3_sorted
3,grå krabbe kort klem kikkert jern fjorten briller bart krykke,grød hva er det? jeg er jeg er jeg er jeg er jeg er jeg er jeg er jeg er jeg er jeg er jeg er jeg er jeg er jeg er jeg er jeg er jeg er jeg er jeg er jeg er jeg er jeg er jeg er jeg er jeg er jeg er jeg er jeg er jeg er jeg er jeg er jeg er jeg er jeg er jeg er jeg er jeg er jeg er jeg er jeg er jeg er jeg er jeg er jeg er jeg er jeg er jeg er jeg er jeg er jeg er jeg er jeg er jeg er jeg er jeg er jeg er jeg er jeg er jeg er jeg er jeg er jeg er jeg er jeg er jeg er jeg er jeg er jeg er jeg er jeg er jeg er jeg er jeg er jeg er jeg er jeg er jeg er jeg er jeg er jeg er jeg er jeg er jeg er jeg er jeg er jeg er jeg er jeg er jeg er jeg er jeg er jeg er jeg er jeg er jeg er jeg er jeg er jeg er jeg er jeg er jeg er jeg er jeg er jeg er jeg er jeg er jeg er jeg er jeg er jeg er jeg er jeg er jeg er jeg er jeg er jeg er jeg er jeg er jeg er jeg er jeg er jeg er jeg er jeg er jeg er jeg er jeg er jeg er jeg er jeg er jeg er jeg er jeg er jeg er jeg er jeg er jeg er jeg er jeg er jeg er jeg er jeg er jeg er jeg er jeg er,16.42622950819672,29.4,0.3614457831325301,1.0,['d09'],"['d09', 'd09', 'd09', 'd09', 'd09', 'd09', 'd09', 'd09', 'd09', 'd09']",284,words_210_220.wav,../../3x10_Concatenations/3x10_score_3_sorted
3,brun flagg flue enhjørning sølv sport søle smart skjorte kvern,rien,0.9354838709677419,1.0,0.3493975903614458,1.0,['d09'],"['d09', 'd09', 'd09', 'd09', 'd09', 'd09', 'd09', 'd09', 'd09', 'd09']",-9,words_220_230.wav,../../3x10_Concatenations/3x10_score_3_sorted
3,tralle tårn plaster ørn skitten skip gutt garn hjerte gris,det er en lød det er en lød det er en lød det er en lød det er en lød det er en lød det er en lød det er en lød det er en lød det er en lød det er en lød det er en lød det er en lød det er en lød det er en lød det er en lød det er en lød det er en lød det er en lød det er en lød det er en lød det er en lød det er en lød det er en lød det er en lød det er en lød det er en lød det er en lød det er en lød det er en lød det er en lød det er en lød det er en lød det er en lød det er en lød det er en lød det er en lød det er en lød det er en lød det er en lød det er en lød det er en lød det er en lød det er en lød det er en lød det er en lød det er en lød det er en lød det er en lød det er en lød det er en lød det er en lød det er en lød det er en lød det er en lød det er en lød det er en lød det er en lød det er en lød det er en lød det er en lød det er en lød det er en lød det er en,14.724137931034482,25.5,0.36,1.0,"['d09', 'd08']","['d09', 'd09', 'd09', 'd09', 'd09', 'd09', 'd08', 'd08', 'd08', 'd08']",245,words_230_240.wav,../../3x10_Concatenations/3x10_score_3_sorted
3,grønn glør koffert huske klappe krabbe klem jus buss brun,nå! nå! nå! nå! nå! nå! nå! nå! nå! nå! nå! nå! nå! nå!,0.8947368421052632,1.4,0.3614457831325301,1.0,['d08'],"['d08', 'd08', 'd08', 'd08', 'd08', 'd08', 'd08', 'd08', 'd08', 'd08']",4,words_240_250.wav,../../3x10_Concatenations/3x10_score_3_sorted
3,blomst bleie frakk fortid fortau enhjørning dyne krakk krone start,bra! bra! bra! bra! bra! bra! bra! bra! bra! bra! bra! bra! bra! bra! bra! bra! bra! bra! bra! bra! bra! bra! bra! bra! bra! bra! bra! bra! bra! bra! bra! bra! bra! bra! bra! bra! bra! bra! bra! bra! bra! bra! bra! bra! bra! bra! bra! bra! bra! bra! bra! bra! bra! bra! bra! bra! bra! bra! bra! bra! bra! bra! bra! bra! bra! bra! bra! bra! bra! bra! bra! bra! bra! bra! bra! bra! bra! bra! bra! bra! bra! bra! bra! bra! bra! bra! bra! bra! bra! bra! bra! bra! bra! bra! bra! bra! bra! bra! bra! bra! bra! bra! bra! bra! bra! bra! bra! bra! bra! bra! bra! bra! bra! bra! bra! bra! bra! bra! bra! bra! bra! bra! bra! bra! bra! bra! bra! bra! bra! bra! bra! bra! bra! bra! bra! bra! bra! bra! bra! bra! bra! bra! bra! bra! bra! bra! bra! bra! bra! bra! bra! bra! bra! bra! bra! bra! bra! bra! bra! bra! bra! bra! bra! bra! bra! bra! bra! bra! bra! bra! bra! bra! bra! bra! bra! bra! bra! bra! bra! bra! bra! bra! bra! bra! bra! bra! bra! bra! bra! bra! bra! bra! bra! bra! bra! bra! bra! bra! bra! bra! bra! bra! bra! bra! bra! bra! bra! bra! bra! bra! bra! bra! bra! bra! bra! bra! bra! bra! bra! bra! bra! bra!,16.46969696969697,22.2,0.3763440860215054,1.0,['d08'],"['d08', 'd08', 'd08', 'd08', 'd08', 'd08', 'd08', 'd08', 'd08', 'd08']",212,words_250_260.wav,../../3x10_Concatenations/3x10_score_3_sorted
3,søt søster sølv smør smerte skjorte stupe ugle turn troll,hva? hva? hva? hva? hva? hva? hva? hva? hva? hva? hva? hva? hva? hva? hva? hva? hva? hva? hva? hva? hva? hva? hva? hva? hva? hva? hva? hva? hva? hva? hva? hva? hva? hva? hva? hva? hva? hva? hva? hva? hva? hva? hva? hva? hva? hva? hva? hva? hva? hva? hva? hva? hva? hva? hva? hva? hva? hva? hva? hva? hva? hva? hva? hva? hva? hva? hva? hva? hva? hva? hva? hva? hva? hva? hva? hva? hva? hva? hva? hva? hva? hva? hva? hva? hva? hva? hva? hva? hva? hva? hva? hva? hva? hva? hva? hva? hva? hva? hva? hva? hva? hva? hva? hva? hva? hva? hva? hva? hva? hva? hva? hva? hva? hva? hva? hva? hva? hva? hva? hva? hva? hva? hva? hva? hva? hva? hva? hva? hva? hva? hva? hva? hva? hva? hva? hva? hva? hva? hva? hva? hva? hva? hva? hva? hva? hva? hva? hva?,12.789473684210526,14.8,0.37037037037037035,1.0,['d08'],"['d08', 'd08', 'd08', 'd08', 'd08', 'd08', 'd08', 'd08', 'd08', 'd08']",138,words_260_270.wav,../../3x10_Concatenations/3x10_score_3_sorted
3,trapp syk ørn øre ødelagt lys lyn kvern krykke plante,vi er enn vi er enn vi er enn vi er enn vi er enn vi er enn vi er enn vi er enn vi er enn vi er enn vi er enn vi er enn vi er enn vi er enn vi er enn vi er enn vi er enn vi er enn vi er enn vi er enn vi er enn vi er enn vi er enn vi er enn vi er enn vi er enn vi er enn vi er enn vi er enn vi er enn vi er enn vi er enn vi er enn vi er enn vi er enn vi er enn vi er enn vi er enn vi er enn vi er enn vi er enn vi er enn vi er enn vi er enn vi er enn vi er enn vi er enn vi er enn vi er enn vi er enn vi er enn vi er enn vi er enn vi er enn vi er enn vi er enn vi er enn vi er enn vi er enn vi er enn vi er enn vi er enn vi er enn vi er enn vi er enn vi er enn vi er enn vi er enn vi er enn vi er enn vi er enn vi er enn vi er enn vi er enn vi er enn vi er enn vi er enn vi er enn vi er enn vi er enn vi er enn vi er enn vi er enn vi er enn vi er enn vi er enn vi er enn vi er enn vi er enn,16.32075471698113,26.7,0.35443037974683544,1.0,['d08'],"['d08', 'd08', 'd08', 'd08', 'd08', 'd08', 'd08', 'd08', 'd08', 'd08']",257,words_270_280.wav,../../3x10_Concatenations/3x10_score_3_sorted
4,vindu glad garn kikkert klem hund jern huske fortid blad,wind blam blam checket blam wind blam blam,0.625,1.0,0.4050632911392405,1.0,['d19'],"['d19', 'd19', 'd19', 'd19', 'd19', 'd19', 'd19', 'd19', 'd19', 'd19']",-2,words_0_10.wav,../../3x10_Concatenations/3x10_score_4_sorted
4,buss smykke svømme tjern tårn stjerne planke ødelagt krykke ørn,hvis smikke sønmak sønmak søn storn sjælma blankke tøn glatt tittke rann,0.6031746031746031,1.2,0.4044943820224719,1.0,['d19'],"['d19', 'd19', 'd19', 'd19', 'd19', 'd19', 'd19', 'd19', 'd19', 'd19']",2,words_10_20.wav,../../3x10_Concatenations/3x10_score_4_sorted
4,lytte pute ski sju port plystre glitter kjerne kikkert bryter,littet littet ok cue po plistet littet schanna jittet littet,"[0.4, 1.0, 0.6666666666666666, 1.0, 0.5, 0.42857142857142855, 0.2857142857142857, 1.0, 0.5714285714285714, 0.6666666666666666]",1.0,0.4117647058823529,1.0,"['d18', 'd19']","['d19', 'd19', 'd19', 'd19', 'd19', 'd19', 'd18', 'd18', 'd18', 'd18']",0,words_20_30.wav,../../3x10_Concatenations/3x10_score_4_sorted
4,bror sport skjorte ugle tjern svart rød port grå glass,brød sport søtta edla fjern søbatt rø port kjå gid lass,0.37037037037037035,0.9,0.37681159420289856,1.0,"['d17', 'd18']","['d18', 'd18', 'd18', 'd18', 'd18', 'd18', 'd18', 'd18', 'd17', 'd17']",1,words_30_40.wav,../../3x10_Concatenations/3x10_score_4_sorted
4,glad hund fugl hus krabbe koffert frø bror bro børste,lå hænn hænn hænn hænn krapet kuffet sølgelig drod drod basta,0.6792452830188679,1.1,0.3835616438356164,1.0,['d17'],"['d17', 'd17', 'd17', 'd17', 'd17', 'd17', 'd17', 'd17', 'd17', 'd17']",1,words_40_50.wav,../../3x10_Concatenations/3x10_score_4_sorted
4,blyant bleie artist fortid fort enhjørning dyne drops skøyter skjorte,bløyens bløyens og det er det st fortet fort en jord inn din drop trøytet,0.5507246376811594,1.4,0.45263157894736844,1.0,['d17'],"['d17', 'd17', 'd17', 'd17', 'd17', 'd17', 'd17', 'd17', 'd17', 'd17']",5,words_50_60.wav,../../3x10_Concatenations/3x10_score_4_sorted
4,skjerm tynn skjørt stjerne plaster ørn lys ku skitten skip,siden tinn sik stien blåttet blåttet lise kjø kjø kjø kjø,0.6551724137931034,1.1,0.410958904109589,1.0,['d17'],"['d17', 'd17', 'd17', 'd17', 'd17', 'd17', 'd17', 'd17', 'd17', 'd17']",1,words_60_70.wav,../../3x10_Concatenations/3x10_score_4_sorted
4,skinke sju gris hjørne grave glør hus kikkert børste blyant,sintet fø dvis jørne grave gølge hvis sikket bøste pliand,"[0.5, 1.0, 0.5, 0.16666666666666666, 0.0, 0.75, 0.6666666666666666, 0.2857142857142857, 0.16666666666666666, 0.5]",0.9,0.4117647058823529,1.0,"['d17', 'd16']","['d17', 'd17', 'd16', 'd16', 'd16', 'd16', 'd16', 'd16', 'd16', 'd16']",0,words_70_80.wav,../../3x10_Concatenations/3x10_score_4_sorted
4,fregner fort drops kropp start sport sølv smør smart skøyter,freiner forg iropp gratt dart spot søl sømmer smaert cjøister,"[0.14285714285714285, 0.25, 0.4, 0.8, 0.4, 0.2, 0.25, 0.75, 0.2, 0.5714285714285714]",1.0,0.40963855421686746,1.0,['d16'],"['d16', 'd16', 'd16', 'd16', 'd16', 'd16', 'd16', 'd16', 'd16', 'd16']",0,words_80_90.wav,../../3x10_Concatenations/3x10_score_4_sorted
4,skjerm svart troll tre tralle synge sykkel ørn mus pluss,charm svaart troll teria terola shinge sistel van miss plus,"[0.6666666666666666, 0.2, 0.0, 1.0, 0.6666666666666666, 0.4, 0.5, 0.6666666666666666, 0.6666666666666666, 0.2]",0.9,0.38666666666666666,1.0,['d16'],"['d16', 'd16', 'd16', 'd16', 'd16', 'd16', 'd16', 'd16', 'd16', 'd16']",0,words_90_100.wav,../../3x10_Concatenations/3x10_score_4_sorted
4,skjema skitten skip skinke ski skilpadde pute garn glass glad,"se, se, se, se, se, se, se, se, se, se, se, se, se, se, se, se, se, se, se, se, se, se, se, se, se, se, se, se, se, se, se, se, se, se, se, se, se, se, se, se, se, se, se, se, se, se, se, se, se, se, se, se, se, se, se, se, se, se, se, se, se, se, se, se, se, se, se, se, se, se, se, se, se, se, se, se, se, se, se, se, se, se, se, se, se, se, se, se, se, se, se, se, se, se, se, se, se, se, se, se, se, se, se, se, se, se, se, se, se, se, se, se, se, se, se, se, se, se, se, se, se, se, se, se, se, se, se, se, se, se, se, se, se, se, se, se, se, se, se, se, se, se, se, se, se, se, se, se, se, se, se, se, se, se, se, se, se, se, se, se, se, se, se, se, se, se, se, se, se, se, se, se, se, se, se, se, se, se, se, se, se, se, se, se, se, se, se, se, se, se, se, se, se, se, se, se, se, se, se, se, se, se, se, se, se, se, se, se, se, se, se, se, se, se, se, se, se, se, se, se, se, se,",14.180327868852459,22.2,0.37662337662337664,1.0,"['d15', 'd16']","['d16', 'd16', 'd16', 'd16', 'd16', 'd16', 'd16', 'd15', 'd15', 'd15']",212,words_100_110.wav,../../3x10_Concatenations/3x10_score_4_sorted
4,fugl klem kjerne hytte fregner brun bror bjørn dør fortid,"ut, glem, salle, itt, fraine, berøn, berod, bjøn, berøn, fordket,","[0.75, 0.5, 1.0, 0.6, 0.42857142857142855, 0.75, 0.75, 0.4, 1.6666666666666667, 0.8333333333333334]",1.0,0.41975308641975306,1.0,['d15'],"['d15', 'd15', 'd15', 'd15', 'd15', 'd15', 'd15', 'd15', 'd15', 'd15']",0,words_110_120.wav,../../3x10_Concatenations/3x10_score_4_sorted
4,flakse fjorten erter søster snørr smerte ugle trylle trapp tjern,"slakse, sylten, at del, søste, snur, smatte, og glø, til, til opp, og sjang",0.625,1.4,0.43956043956043955,1.0,['d15'],"['d15', 'd15', 'd15', 'd15', 'd15', 'd15', 'd15', 'd15', 'd15', 'd15']",4,words_120_130.wav,../../3x10_Concatenations/3x10_score_4_sorted
4,terning skjerm stjerne lys ørn mus plaster løve løpe kvart,"tannin, schärm, stjärne, lis, ön, lyfs, plastie, løve, kramja fotus løve, kvatt",0.6379310344827587,1.2,0.43373493975903615,1.0,['d15'],"['d15', 'd15', 'd15', 'd15', 'd15', 'd15', 'd15', 'd15', 'd15', 'd15']",2,words_130_140.wav,../../3x10_Concatenations/3x10_score_4_sorted
4,sjiraff skilpadde hjort hjørne fugl grå gartner krabbe klappe kikkert,shiraf? shiripada? jo i og nye før gøo gøo gøo gøo gøo gøo gøo gøo gøo gøo gøo gøo gøo gøo,0.9420289855072463,2.1,0.42857142857142855,1.0,"['d15', 'd14']","['d15', 'd15', 'd14', 'd14', 'd14', 'd14', 'd14', 'd14', 'd14', 'd14']",11,words_140_150.wav,../../3x10_Concatenations/3x10_score_4_sorted
4,karneval hylle frukt bygge brød blyant blokk bleie blad barn,han må ha hjene hjeskt bikke bille bille bille bille bille bille bille bille bille bille bille bille bille bille bille bille bille bille bille bille bille bille bille bille bille bille bille bille bille bille bille bille bille bille bille bille bille bille bille bille bille bille bille bille bille bille bille bille bille bille bille bille bille bille bille bille bille bille bille bille bille bille bille bille bille bille bille bille bille bille bille bille bille bille bille bille bille bille bille bille bille bille bille bille bille bille bille bille bille bille bille bille bille bille bille bille bille bille bille bille bille bille bille bille bille bille bille bille bille bille bille bille bille bille bille bille bille bille bille bille bille bille bille bille bille bille bille bille bille bille bille bille bille bille bille bille bille bille bille bille bille bille b,14.183333333333334,14.9,0.42528735632183906,1.0,['d14'],"['d14', 'd14', 'd14', 'd14', 'd14', 'd14', 'd14', 'd14', 'd14', 'd14']",139,words_150_160.wav,../../3x10_Concatenations/3x10_score_4_sorted
4,dør drikke fortid fortau fly flue erter sport søppel snørr,"du er ikke på tikt, på to, fri, fri, fri, atte, sport, super snøy",0.5862068965517241,1.4,0.4074074074074074,1.0,['d14'],"['d14', 'd14', 'd14', 'd14', 'd14', 'd14', 'd14', 'd14', 'd14', 'd14']",4,words_160_170.wav,../../3x10_Concatenations/3x10_score_4_sorted
4,smerte smart skøyter skjerm sykkel svømme lue krykke pluss premie,småt sjøytei sjøytei sjøytei sjøytei sjøytei sjøytei sjøytei sjøytei sjøytei sjøytei sjøytei sjøytei sjøytei sjøytei sjøytei sjøytei sjøytei sjøytei sjøytei sjøytei sjøytei sjøytei sjøytei sjøytei sjøytei sjøytei sjøytei sjøytei sjøytei sjøytei sjøytei sjøytei sjøytei sjøytei sjøytei sjøytei sjøytei sjøytei sjøytei sjøytei sjøytei sjøytei sjøytei sjøytei sjøytei sjøytei sjøytei sjøytei sjøytei sjøytei sjøytei sjøytei sjøytei sjøytei sjøytei sjøytei sjøytei sjøytei sjøytei sjøytei sjøytei sjøytei sjøytei,7.230769230769231,6.4,0.4175824175824176,1.0,['d14'],"['d14', 'd14', 'd14', 'd14', 'd14', 'd14', 'd14', 'd14', 'd14', 'd14']",54,words_170_180.wav,../../3x10_Concatenations/3x10_score_4_sorted
4,grave hjørne hjerne klo kikkert jern hylle bryter brød blokk,"kravet, iona, iona, iona, iona, iona, iona, iona, iona, iona, iona, iona, iona, iona, iona, iona, iona, iona, iona, iona, iona, iona, iona, iona, iona, iona, iona, iona, iona, iona, iona, iona, iona, iona, iona, iona, iona, iona, iona, iona, iona, iona, iona, iona, iona, iona, iona, iona, iona, iona, iona, iona, iona, iona, iona, iona, iona, iona, iona, iona, iona, iona, iona, iona, iona, iona, iona, iona, iona, iona, iona, iona, iona, iona, iona, iona, iona, iona, iona, iona, iona, iona, iona, iona, iona, iona, iona, iona, iona, iona, iona, iona, iona, iona, iona, iona, iona, iona, iona, iona, iona, iona, iona, iona, iona, iona, iona, iona, iona, iona, iona, iona, iona, iona, iona, iona, iona, iona, iona, iona, iona, iona, iona, iona, iona, iona, iona, iona, iona, iona, iona, iona, iona, iona, iona, iona, iona, iona, iona, iona, iona, iona, iona, iona, iona, iona, iona, iona",14.483333333333333,14.8,0.4691358024691358,1.0,['d13'],"['d13', 'd13', 'd13', 'd13', 'd13', 'd13', 'd13', 'd13', 'd13', 'd13']",138,words_180_190.wav,../../3x10_Concatenations/3x10_score_4_sorted
4,flaske fjorten stupe smerte skjorte tre lys kvern plaster sjiraff,lasker sluten stita smarte sluten tee lise kvann blast styr,"[0.3333333333333333, 0.5714285714285714, 0.6, 0.16666666666666666, 0.7142857142857143, 0.3333333333333333, 0.6666666666666666, 0.4, 0.42857142857142855, 0.7142857142857143]",1.0,0.4731182795698925,1.0,['d13'],"['d13', 'd13', 'd13', 'd13', 'd13', 'd13', 'd13', 'd13', 'd13', 'd13']",0,words_190_200.wav,../../3x10_Concatenations/3x10_score_4_sorted
4,skitten skilpadde skjære premie port grave gris kort kart karneval,sitten silpader säre vem jeg? putt kralve gvis kort kort kornland,0.36363636363636365,1.0,0.42857142857142855,1.0,"['d13', 'd12']","['d13', 'd13', 'd13', 'd13', 'd13', 'd12', 'd12', 'd12', 'd12', 'd12']",1,words_200_210.wav,../../3x10_Concatenations/3x10_score_4_sorted
4,jern bryter børste blokk bart drikke fortau flaske ekorn krakk,"vi er en blittet, busske, blok, butt, blikke, fort her flasker, ekon, klok,",0.5161290322580645,1.3,0.45977011494252873,1.0,['d12'],"['d12', 'd12', 'd12', 'd12', 'd12', 'd12', 'd12', 'd12', 'd12', 'd12']",3,words_210_220.wav,../../3x10_Concatenations/3x10_score_4_sorted
4,skulder skjorte trylle tjern skjerm øre lys plaster skitten rund,skulle det sluttet triller sal salom ver det lise plaster sitten,0.515625,1.1,0.4,1.0,['d12'],"['d12', 'd12', 'd12', 'd12', 'd12', 'd12', 'd12', 'd12', 'd12', 'd12']",1,words_220_230.wav,../../3x10_Concatenations/3x10_score_4_sorted
4,grave gul grønn fugl hjort kort kjerne kikkert kart hytte,gør jeg gør jeg gør jeg gør jeg furt juts hurt sane sikets hurt hitta,0.7368421052631579,1.5,0.3972602739726027,1.0,['d11'],"['d11', 'd11', 'd11', 'd11', 'd11', 'd11', 'd11', 'd11', 'd11', 'd11']",5,words_230_240.wav,../../3x10_Concatenations/3x10_score_4_sorted
4,buss brun bart fort ekorn krakk sport søle smykke smerte,bis prøvigen bats fort elkorn kerakke sport søret smike smater,"[0.5, 1.5, 0.5, 0.0, 0.2, 0.4, 0.0, 0.5, 0.3333333333333333, 0.5]",0.8,0.4155844155844156,1.0,['d11'],"['d11', 'd11', 'd11', 'd11', 'd11', 'd11', 'd11', 'd11', 'd11', 'd11']",0,words_240_250.wav,../../3x10_Concatenations/3x10_score_4_sorted
5,gutt gul glør glass fugl frukt hjort korn kø klappe,gitt gitt blas flut gitt gitt gitt gitt gitt gitt gitt gitt gitt gitt gitt gitt gitt gitt gitt gitt gitt gitt gitt gitt gitt gitt gitt gitt gitt gitt gitt gitt gitt gitt gitt gitt gitt gitt gitt gitt gitt gitt gitt gitt gitt gitt gitt gitt gitt gitt gitt gitt gitt gitt gitt gitt gitt gitt gitt gitt gitt gitt gitt gitt gitt gitt gitt gitt gitt gitt gitt gitt gitt gitt gitt gitt gitt gitt gitt gitt gitt gitt gitt gitt gitt gitt gitt gitt gitt gitt gitt gitt gitt gitt gitt gitt gitt gitt gitt gitt gitt gitt gitt gitt gitt gitt gitt gitt gitt gitt gitt gitt gitt gitt gitt gitt gitt gitt gitt gitt gitt gitt gitt gitt gitt gitt gitt gitt gitt gitt gitt gitt gitt gitt gitt gitt gitt gitt gitt gitt gitt gitt gitt gitt gitt gitt gitt gitt,14.117647058823529,14.8,0.5072463768115942,1.0,['d19'],"['d19', 'd19', 'd19', 'd19', 'd19', 'd19', 'd19', 'd19', 'd19', 'd19']",138,words_0_10.wav,../../3x10_Concatenations/3x10_score_5_sorted
5,kart karneval internett briller børste blyant blomst blokk bleie blå,hva? hva noen? internet penel bossa blient blom blok blaye blom,0.45588235294117646,1.1,0.504950495049505,1.0,['d19'],"['d19', 'd19', 'd19', 'd19', 'd19', 'd19', 'd19', 'd19', 'd19', 'd19']",1,words_10_20.wav,../../3x10_Concatenations/3x10_score_5_sorted
5,bjørn bart flue enhjørning dyne dykke dør bygge kort fly,vi harbatt fluget en ny ny divina bikke dør bikke hopp fluget,0.5714285714285714,1.1,0.5064935064935064,1.0,['d19'],"['d19', 'd19', 'd19', 'd19', 'd19', 'd19', 'd19', 'd19', 'd19', 'd19']",2,words_20_30.wav,../../3x10_Concatenations/3x10_score_5_sorted
5,sport søt søle snø start tynn syk torne terning synge,sport sølp sølp sølp sølp sølp sølp sølp sølp sølp sølp sølp sølp sølp sølp sølp sølp sølp sølp sølp sølp sølp sølp sølp sølp sølp sølp sølp sølp sølp sølp sølp sølp sølp sølp sølp sølp sølp sølp sølp sølp sølp sølp sølp sølp sølp sølp sølp sølp sølp sølp sølp sølp sølp sølp sølp sølp sølp sølp sølp sølp sølp sølp sølp sølp sølp sølp sølp sølp sølp sølp sølp sølp sølp sølp sølp sølp sølp sølp sølp sølp sølp sølp sølp sølp sølp sølp sølp sølp sø,8.0,8.9,0.5068493150684932,1.0,['d19'],"['d19', 'd19', 'd19', 'd19', 'd19', 'd19', 'd19', 'd19', 'd19', 'd19']",80,words_30_40.wav,../../3x10_Concatenations/3x10_score_5_sorted
5,sykkel nøkkel munn lys lyn lue ku sjø plante skinke,det er ikke sånn at jeg ikke jeg ikke jeg ikke jeg ikke jeg ikke jeg ikke jeg ikke jeg ikke jeg ikke jeg ikke jeg ikke jeg ikke jeg ikke jeg ikke jeg ikke jeg ikke jeg ikke jeg ikke jeg ikke jeg ikke jeg ikke jeg ikke jeg ikke jeg ikke jeg ikke jeg ikke jeg ikke jeg ikke jeg ikke jeg ikke jeg ikke jeg ikke jeg ikke jeg ikke jeg ikke jeg ikke jeg ikke jeg ikke jeg ikke jeg ikke jeg ikke jeg ikke jeg ikke jeg ikke jeg ikke jeg ikke jeg ikke jeg ikke jeg ikke jeg ikke jeg ikke jeg ikke jeg ikke jeg ikke jeg ikke jeg ikke jeg ikke jeg ikke jeg ikke jeg ikke jeg ikke jeg ikke jeg ikke jeg ikke jeg ikke jeg ikke jeg ikke jeg ikke jeg ikke jeg ikke jeg ikke jeg ikke jeg ikke jeg ikke jeg ikke jeg ikke jeg ikke jeg ikke jeg ikke jeg ikke jeg ikke jeg ikke jeg ikke jeg ikke jeg ikke jeg ikke jeg ikke jeg ikke jeg ikke jeg ikke jeg ikke jeg ikke jeg ikke jeg ikke jeg ikke jeg ikke jeg ikke jeg ikke jeg ikke jeg ikke jeg ikke jeg ikke jeg ikke jeg ikke jeg ikke jeg ikke jeg ikke jeg ikke jeg ikke jeg ikke jeg ikke jeg ikke jeg ikke jeg ikke jeg ikke jeg ikke jeg ikke jeg ikke jeg ikke jeg ikke jeg ikke jeg ikke jeg ikke jeg ikke jeg ikke jeg ikke jeg ikke jeg ikke jeg ikke jeg ikke jeg ikke jeg ikke jeg ikke jeg ikke jeg ikke jeg ikke jeg ikke jeg ikke jeg ikke jeg ikke jeg ikke jeg ikke jeg ikke jeg ikke jeg ikke jeg ikke,25.666666666666668,29.7,0.5068493150684932,1.0,['d19'],"['d19', 'd19', 'd19', 'd19', 'd19', 'd19', 'd19', 'd19', 'd19', 'd19']",287,words_40_50.wav,../../3x10_Concatenations/3x10_score_5_sorted
5,grønn gul gutt hjerte grave hjørne gris glad grå glorie,grøn gyrt gyrt jatte grava iørne gyrt glatt grå lure,"[0.2, 1.0, 0.5, 0.5, 0.2, 0.3333333333333333, 0.75, 0.5, 0.0, 0.5]",0.9,0.5064935064935064,1.0,['d18'],"['d18', 'd18', 'd18', 'd18', 'd18', 'd18', 'd18', 'd18', 'd18', 'd18']",0,words_50_60.wav,../../3x10_Concatenations/3x10_score_5_sorted
5,glør fugl glass gartner hjort kø hund krabbe frø kort,gle sølg blas gartner jutt hjent krabbe krabbe kort,0.41509433962264153,0.7,0.5070422535211268,1.0,['d18'],"['d18', 'd18', 'd18', 'd18', 'd18', 'd18', 'd18', 'd18', 'd18', 'd18']",-1,words_60_70.wav,../../3x10_Concatenations/3x10_score_5_sorted
5,koffert klo klem klappe kart karneval jus jern internett hytte,kuffert klo klem klappe kart karnet val jus jens internet hittet,0.12903225806451613,0.6,0.5057471264367817,1.0,['d18'],"['d18', 'd18', 'd18', 'd18', 'd18', 'd18', 'd18', 'd18', 'd18', 'd18']",1,words_70_80.wav,../../3x10_Concatenations/3x10_score_5_sorted
5,hylle huske frukt blå fregner by brun brød bro briller,"hildet, riske, frikke blå, freiner, b, brun, dra, brun rilet","[0.8, 0.6, 0.6, 0.3333333333333333, 0.2857142857142857, 0.5, 0.25, 0.75, 0.6666666666666666, 0.42857142857142855]",1.0,0.5061728395061729,1.0,['d18'],"['d18', 'd18', 'd18', 'd18', 'd18', 'd18', 'd18', 'd18', 'd18', 'd18']",0,words_80_90.wav,../../3x10_Concatenations/3x10_score_5_sorted
5,børste blyant blomst blokk bleie blad bjørn bart artist kran,"børste, blient, blont, blott, blaier, blont, gyrn, bert, altist, trang,","[0.16666666666666666, 0.5, 0.5, 0.6, 0.6, 1.0, 0.8, 0.5, 0.3333333333333333, 0.75]",1.0,0.5056179775280899,1.0,['d18'],"['d18', 'd18', 'd18', 'd18', 'd18', 'd18', 'd18', 'd18', 'd18', 'd18']",0,words_90_100.wav,../../3x10_Concatenations/3x10_score_5_sorted
5,buss bygge frakk dør fortid fort fly flue flette flakse,brys begger frak dør fortig fort flie flue flak flakse,"[0.5, 0.4, 0.2, 0.0, 0.16666666666666666, 0.0, 0.6666666666666666, 0.0, 0.6666666666666666, 0.0]",0.6,0.5063291139240507,1.0,['d18'],"['d18', 'd18', 'd18', 'd18', 'd18', 'd18', 'd18', 'd18', 'd18', 'd18']",0,words_100_110.wav,../../3x10_Concatenations/3x10_score_5_sorted
5,flagg fjorten erter enhjørning ekorn dyne dykke drue drops krakk,slag 14 partig ennøyning ekko dina dike dryle drogs trepp,"[0.4, 1.0, 0.8, 0.3, 0.6, 0.5, 0.4, 0.5, 0.2, 0.8]",1.0,0.5056179775280899,1.0,['d18'],"['d18', 'd18', 'd18', 'd18', 'd18', 'd18', 'd18', 'd18', 'd18', 'd18']",0,words_110_120.wav,../../3x10_Concatenations/3x10_score_5_sorted
5,flaske krone stjerne søt søster søppel sølv søle snørr snø,flåske kromen stjærne sørt sørt sørt sørt sørt sørt sørt,"[0.16666666666666666, 0.4, 0.14285714285714285, 0.3333333333333333, 0.5, 0.6666666666666666, 0.5, 0.5, 0.4, 1.0]",1.0,0.5056179775280899,1.0,['d18'],"['d18', 'd18', 'd18', 'd18', 'd18', 'd18', 'd18', 'd18', 'd18', 'd18']",0,words_120_130.wav,../../3x10_Concatenations/3x10_score_5_sorted
5,smykke smør smerte smart skulder skøyter skjørt start støvel stupe,smirke smer smerte smart skilder fjett start stølgel styrte,0.3181818181818182,0.7,0.5052631578947369,1.0,['d18'],"['d18', 'd18', 'd18', 'd18', 'd18', 'd18', 'd18', 'd18', 'd18', 'd18']",-1,words_130_140.wav,../../3x10_Concatenations/3x10_score_5_sorted
5,tynn turn trylle troll tre trapp tralle torne terning tårn,10 10 trille trilve trilve trilve trilve trilve trilve trilve trilve trilve trilve trilve trilve trilve trilve trilve trilve trilve trilve trilve trilve trilve trilve trilve trilve trilve trilve trilve trilve trilve trilve trilve trilve trilve trilve trilve trilve trilve trilve trilve trilve trilve trilve trilve trilve trilve trilve trilve trilve trilve trilve trilve trilve trilve trilve trilve trilve trilve trilve trilve trilve trilve trilve trilve trilve trilve trilve trilve trilve trilve trilve trilve trilve trilve trilve trilve trilve trilve trilve trilve trilve trilve trilve trilve trilve trilve trilve trilve trilve trilve trilve trilve trilve trilve trilve trilve trilve trilve trilve trilve trilve trilve trilve trilve trilve trilve trilve trilve trilve trilve tr,12.724137931034482,11.3,0.5064935064935064,1.0,['d18'],"['d18', 'd18', 'd18', 'd18', 'd18', 'd18', 'd18', 'd18', 'd18', 'd18']",103,words_140_150.wav,../../3x10_Concatenations/3x10_score_5_sorted
5,synge sykkel syk svømme skjerm vindu skjema lyn ørn øre,sikkel sik svennne førm vind førm vind ödda,0.5818181818181818,1.0,0.5066666666666667,1.0,['d18'],"['d18', 'd18', 'd18', 'd18', 'd18', 'd18', 'd18', 'd18', 'd18', 'd18']",-2,words_150_160.wav,../../3x10_Concatenations/3x10_score_5_sorted
5,ødelagt nøkkel mus munn lytte lys lue plante løve løpe,ödlappet nåkkel møs møn littet lise løve plante løve løve,"[0.7142857142857143, 0.16666666666666666, 0.3333333333333333, 0.5, 0.4, 0.6666666666666666, 0.6666666666666666, 0.0, 0.0, 0.25]",0.8,0.5060240963855421,1.0,['d18'],"['d18', 'd18', 'd18', 'd18', 'd18', 'd18', 'd18', 'd18', 'd18', 'd18']",0,words_160_170.wav,../../3x10_Concatenations/3x10_score_5_sorted
5,kvern kurv ku krykke planke kropp plaster sjø skitten skip,plan kird kird kriske planke krop plastis sja sja sja sja sja,0.46551724137931033,1.1,0.5061728395061729,1.0,['d18'],"['d18', 'd18', 'd18', 'd18', 'd18', 'd18', 'd18', 'd18', 'd18', 'd18']",2,words_170_180.wav,../../3x10_Concatenations/3x10_score_5_sorted
5,skinke skilpadde skive sju ski sjiraff sjakk rund pute premie,fynke fynke fynke fynke fynke fynke fynke fynke fynke fynke fynke fynke fynke fynke fynke fynke fynke fynke fynke fynke fynke fynke fynke fynke fynke fynke,2.1147540983606556,2.6,0.5061728395061729,1.0,['d18'],"['d18', 'd18', 'd18', 'd18', 'd18', 'd18', 'd18', 'd18', 'd18', 'd18']",16,words_180_190.wav,../../3x10_Concatenations/3x10_score_5_sorted
5,gris hjort hjerte hjerne gutt gul grønn garn grave glør,"det er i jok ja, det ja, det ja, det gut gul guren gorn girove glør",0.6363636363636364,1.4,0.5068493150684932,1.0,['d17'],"['d17', 'd17', 'd17', 'd17', 'd17', 'd17', 'd17', 'd17', 'd17', 'd17']",6,words_190_200.wav,../../3x10_Concatenations/3x10_score_5_sorted
5,glitter gartner horn karneval klappe krakk kort korn kø klo,gart ned hon kalle var det klappe krakke korn kør klop,0.4406779661016949,1.0,0.5060240963855421,1.0,['d17'],"['d17', 'd17', 'd17', 'd17', 'd17', 'd17', 'd17', 'd17', 'd17', 'd17']",1,words_200_210.wav,../../3x10_Concatenations/3x10_score_5_sorted
5,klem kjerne huske kikkert kart jus jern internett hytte hylle,glem sjøvne hysk sikket kort hjøs jange imte lett hjetta hilla,0.3770491803278688,1.1,0.5060240963855421,1.0,['d17'],"['d17', 'd17', 'd17', 'd17', 'd17', 'd17', 'd17', 'd17', 'd17', 'd17']",1,words_210_220.wav,../../3x10_Concatenations/3x10_score_5_sorted
5,frukt flaske fregner buss brun brød briller blomst blokk blad,sørøkker flåske sørønny du slørønny det gør det gør plåmst plåk blåt,0.639344262295082,1.2,0.5053763440860215,1.0,['d17'],"['d17', 'd17', 'd17', 'd17', 'd17', 'd17', 'd17', 'd17', 'd17', 'd17']",2,words_220_230.wav,../../3x10_Concatenations/3x10_score_5_sorted
5,blå bjørn bart barn kran bryter by frakk bygge fortau,blå blå båk båk kran bryte b rack bikke fokke,"[0.0, 0.8, 0.75, 0.75, 0.0, 0.16666666666666666, 0.5, 0.4, 0.6, 0.6666666666666666]",0.8,0.5068493150684932,1.0,['d17'],"['d17', 'd17', 'd17', 'd17', 'd17', 'd17', 'd17', 'd17', 'd17', 'd17']",0,words_230_240.wav,../../3x10_Concatenations/3x10_score_5_sorted
5,fly flue flette flakse flagg fjorten erter ekorn dykke dør,flik fluk fluk flak flak fluk hattet ej dikke dølg,"[0.6666666666666666, 0.25, 0.6666666666666666, 0.3333333333333333, 0.4, 0.8571428571428571, 0.8, 0.8, 0.2, 0.6666666666666666]",1.0,0.5060240963855421,1.0,['d17'],"['d17', 'd17', 'd17', 'd17', 'd17', 'd17', 'd17', 'd17', 'd17', 'd17']",0,words_240_250.wav,../../3x10_Concatenations/3x10_score_5_sorted
5,drikke krone kropp stupe start sport søt søster søppel sølv,dikker kroner krop skytte start spokk søt søt søt søt søt søt,0.3728813559322034,1.0,0.5057471264367817,1.0,['d17'],"['d17', 'd17', 'd17', 'd17', 'd17', 'd17', 'd17', 'd17', 'd17', 'd17']",2,words_250_260.wav,../../3x10_Concatenations/3x10_score_5_sorted
5,søle snørr snø smykke smør smerte smart skulder støvel vindu,søv alle søv alle søv alle søv alle søv alle søv alle søv alle søv alle søv alle søv alle søv alle søv alle søv alle søv alle søv alle søv alle søv alle søv alle søv alle søv alle søv alle søv alle søv alle søv alle søv alle søv alle søv alle søv alle søv alle søv alle søv alle søv alle søv alle søv alle søv alle søv alle søv alle søv alle søv alle søv alle søv alle søv alle søv alle søv alle søv alle søv alle søv alle søv alle søv alle søv alle søv alle søv alle søv alle søv alle søv alle søv alle søv alle søv alle søv alle søv alle søv alle søv alle søv alle søv alle søv alle søv alle søv alle søv alle søv alle søv alle søv alle søv alle søv alle søv alle søv alle søv alle søv alle søv alle søv alle søv alle søv alle søv alle søv alle søv alle søv alle søv alle søv alle søv alle søv alle,12.75,17.8,0.5053763440860215,1.0,['d17'],"['d17', 'd17', 'd17', 'd17', 'd17', 'd17', 'd17', 'd17', 'd17', 'd17']",168,words_260_270.wav,../../3x10_Concatenations/3x10_score_5_sorted
5,turn trylle troll tre trapp tralle torne tjern terning tårn,tjør tjør tjør tjør tjør tjør tjør tjør tjør tjør tjør tjør tjør tjør tjør tjør tjør tjør tjør tjør tjør tjør tjør tjør tjør tjør tjør tjør tjør tjør tjør tjør tjør tjør tjør tjør tjør tjør tjør tjør tjør tjør tjør tjør tjør tjør tjør tjør tjør tjør tjør tjør tjør tjør tjør tjør tjør tjør tjør tjør tjør tjør tjør tjør tjør tjør tjør tjør tjør tjør tjør tjør tjør tjør tjør tjør tjør tjør tjør tjør tjør tjør tjør tjør tjør tjør tjør tjør tjør,7.016949152542373,8.9,0.5064935064935064,1.0,['d17'],"['d17', 'd17', 'd17', 'd17', 'd17', 'd17', 'd17', 'd17', 'd17', 'd17']",79,words_270_280.wav,../../3x10_Concatenations/3x10_score_5_sorted
5,synge sykkel syk skjerf øre nøkkel mus munn lytte lyn,sikker sikker sajf døne nåkkel nåkkel nåkkel litt da linn,"[0.8, 0.3333333333333333, 1.0, 0.8333333333333334, 1.6666666666666667, 0.16666666666666666, 2.0, 1.0, 1.0, 0.6666666666666666]",1.0,0.5068493150684932,1.0,['d17'],"['d17', 'd17', 'd17', 'd17', 'd17', 'd17', 'd17', 'd17', 'd17', 'd17']",0,words_280_290.wav,../../3x10_Concatenations/3x10_score_5_sorted
5,lue løve løpe kvart kurv skjema plante pluss sjiraff plystre,løve løve løve løve kjån kjån kjån sjema plong plus sjeder plus,0.55,1.1,0.5056179775280899,1.0,['d17'],"['d17', 'd17', 'd17', 'd17', 'd17', 'd17', 'd17', 'd17', 'd17', 'd17']",2,words_290_300.wav,../../3x10_Concatenations/3x10_score_5_sorted
5,skive skilpadde sjø skjære rød pute prins premie port rund,"siva siva, bap sjo kjærde hjø pyrtte pyrtte pyrtte pyrte jeg med port hjøyn",0.7413793103448276,1.3,0.5063291139240507,1.0,['d17'],"['d17', 'd17', 'd17', 'd17', 'd17', 'd17', 'd17', 'd17', 'd17', 'd17']",4,words_300_310.wav,../../3x10_Concatenations/3x10_score_5_sorted
5,hjort hjerne gutt gul garn glitter glad gartner hund huske,"hjort ja, ne gist gyr gann littet gla gart nør hym hysk",0.3275862068965517,1.1,0.5064935064935064,1.0,['d16'],"['d16', 'd16', 'd16', 'd16', 'd16', 'd16', 'd16', 'd16', 'd16', 'd16']",2,words_310_320.wav,../../3x10_Concatenations/3x10_score_5_sorted
