score,input_string,PER,WER,translated_string,translated_CER,translated_WER,length_deviation_words,unique_id's,speaker_id's,audio_name,audio_path,model_name
1,løpe øre klar kvart horn ugle skitten krabbe ødelagt ødelagt,0.11494252873563218,0.6,brerent fraske tilly erna merin gjelda hjertum kjelda jø hjertum,0.8166666666666667,1.0,0,"['a30', 'd17', 'a11', 'a07', 'a12', 'a13', 'a06', 'a27']","['a07', 'a13', 'a27', 'a06', 'a11', 'a30', 'a12', 'a06', 'a11', 'd17']",words_0_10.wav,../3x10_Concatenations/3x10_score_1_mixed,Medium
1,rød glorie briller brå horn flaske plystre løve blå løve,0.2247191011235955,0.9,sjom blå kots slum sjøle fem karnov eulav dannev,0.8035714285714286,1.0,-1,"['a02', 'a11', 'a07', 'd11', 'a01', 'a26', 'a05']","['a02', 'a11', 'a11', 'a26', 'a05', 'a11', 'a07', 'a07', 'd11', 'a01']",words_10_20.wav,../3x10_Concatenations/3x10_score_1_mixed,Medium
2,fortau glorie kurv kikkert blå vær premie port vindu sjakk,0.3373493975903614,1.0,frank hiddala bits søt bete stående dume smarch sjon snel,0.7931034482758621,1.0,0,"['a03', 'a14', 'a32', 'a11', 'a25', 'a07', 'd08', 'a27']","['a27', 'a25', 'a03', 'd08', 'a03', 'a14', 'a07', 'a11', 'a11', 'a32']",words_0_10.wav,../3x10_Concatenations/3x10_score_2_mixed,Medium
2,trapp krakk frakk hjørne horn skitten artist bleie grønn blå,0.449438202247191,1.0,fødte fødte fødte grør bord skålte ekken gatene krune sjekke brød,0.75,1.1,1,"['d19', 'a34', 'a07', 'a12', 'a13', 'd09', 'a06']","['a13', 'd19', 'a13', 'a34', 'a13', 'a06', 'd09', 'a12', 'a12', 'a07']",words_10_20.wav,../3x10_Concatenations/3x10_score_2_mixed,Medium
2,rød turn krakk kvart pluss frukt fly plante ugle hjort,0.5074626865671642,1.0,kikka fri dette selm krabben lule kjenn enkle bocce,0.8148148148148148,1.0,-1,"['a17', 'a03', 'd06', 'a34', 'a11', 'a26', 'a05', 'a13']","['a17', 'a11', 'a26', 'a13', 'a03', 'a13', 'a05', 'a34', 'd06', 'a34']",words_20_30.wav,../3x10_Concatenations/3x10_score_2_mixed,Medium
2,bjørn knar blomst ørn skjørt sylte glorie flue søppel pluss,0.05333333333333334,0.3,svemmet brandet smats bø frut fråve gras kiddef tønn fråd,0.7966101694915254,1.0,0,"['a09', 'a14', 'a34', 'a25', 'a12', 'a26', 'a15', 'a27']","['a09', 'a15', 'a25', 'a12', 'a25', 'a14', 'a26', 'a26', 'a27', 'a34']",words_30_40.wav,../3x10_Concatenations/3x10_score_2_mixed,Medium
2,tre munn port dør glitter flagg grønn smerte vindu klappe,0.25842696629213485,1.0,krup blinke tjernin kler kjiten tjern platter stibet but krup,0.8070175438596491,1.0,0,"['a09', 'a16', 'a11', 'a07', 'a12', 'a01', 'a28', 'a13']","['a13', 'a07', 'a28', 'a01', 'a09', 'a16', 'a07', 'a12', 'a01', 'a11']",words_40_50.wav,../3x10_Concatenations/3x10_score_2_mixed,Medium
2,krone krone gartner torne bygge horn munn bygge smør bror,0.3473684210526316,1.0,da fløk hen skodder dinda mikke kram kvrak tundre tummer,0.8070175438596491,1.0,0,"['a02', 'a03', 'a09', 'a11', 'a25', 'a07', 'a12', 'a01']","['a12', 'a11', 'a01', 'a25', 'a03', 'a02', 'a11', 'a07', 'a07', 'a09']",words_50_60.wav,../3x10_Concatenations/3x10_score_2_mixed,Medium
2,glør søt erter bjørn støvel flette flue blyant ugle synge,0.4266666666666667,1.0,sjøl sjøl smer søtte sjølolj brud kloa nyd boreste svis,0.7017543859649122,1.0,0,"['a03', 'a21', 'a23', 'a11', 'a07', 'a12', 'd09', 'a06']","['a03', 'd09', 'a12', 'a06', 'a03', 'a03', 'a23', 'a07', 'a11', 'a21']",words_60_70.wav,../3x10_Concatenations/3x10_score_2_mixed,Medium
2,enhjørning hylle jus svart trykk grave glass ugle glitter by,0.5056179775280899,1.0,unkre kjøkken ol hjøn prøstre to smell blutt brukk gram,0.8,1.0,0,"['a09', 'a32', 'a31', 'a10', 'a23', 'a11', 'a07', 'a26', 'a05', 'a06']","['a32', 'a09', 'a06', 'a11', 'a31', 'a07', 'a10', 'a23', 'a05', 'a26']",words_70_80.wav,../3x10_Concatenations/3x10_score_2_mixed,Medium
3,myr flue ødelagt tjern trikk drikke kran trikk glorie dyne,0.11494252873563218,0.6,tjenke blods sjarn ljus snall blomstei søde blomst søde bost,0.8448275862068966,1.0,0,"['d02', 'a04', 'd07', 'a34', 'a10', 'a29', 'a21', 'a18', 'a26', 'a28']","['a18', 'a04', 'a10', 'd02', 'a34', 'a26', 'a29', 'a21', 'a28', 'd07']",words_0_10.wav,../3x10_Concatenations/3x10_score_3_mixed,Medium
3,stjerne svare fjær svømme hjerte sykkel kø kvart munn trylle,0.2247191011235955,0.9,sjive sørt jøne klistele plantet farø litte fret sjøne trykk,0.7166666666666667,1.0,0,"['a29', 'a21', 'a10', 'a22', 'a11', 'a01', 'a28', 'a19', 'a15']","['a19', 'a28', 'a15', 'a22', 'a21', 'a29', 'a11', 'a10', 'a15', 'a01']",words_10_20.wav,../3x10_Concatenations/3x10_score_3_mixed,Medium
3,flette flakse sport barn kvern vindu synge grave smerte stupe,0.3373493975903614,1.0,grytter grame fortid rå glønn prins odrun tur gur skydde,0.6721311475409836,1.0,0,"['a04', 'a09', 'a02', 'a03', 'a32', 'a11', 'd18', 'a13', 'a08']","['a02', 'a09', 'a03', 'd18', 'a04', 'a03', 'a08', 'a13', 'a11', 'a32']",words_20_30.wav,../3x10_Concatenations/3x10_score_3_mixed,Medium
3,skitten skulder troll smykke internett skjorte sky glør tar glør,0.449438202247191,1.0,sikkert klop grør kjorte mitt køkken pol sky snør blåle,0.671875,1.0,0,"['a30', 'a20', 'a32', 'a34', 'a16', 'a05', 'a13', 'a06']","['a16', 'a06', 'a06', 'a32', 'a34', 'a13', 'a05', 'a32', 'a20', 'a30']",words_30_40.wav,../3x10_Concatenations/3x10_score_3_mixed,Medium
3,flette glør bjørn skilpadde skive jern skjørt blå bryter lytte,0.5074626865671642,1.0,hund fakse prenn kjolde bødd bær bryter bire bjørn kurs,0.7741935483870968,1.0,0,"['a17', 'a14', 'a22', 'a11', 'a07', 'a18', 'a05', 'a27']","['a22', 'a05', 'a17', 'a05', 'a14', 'a18', 'a27', 'a11', 'a05', 'a07']",words_40_50.wav,../3x10_Concatenations/3x10_score_3_mixed,Medium
3,erter ødelagt smykke glør støvel sky sølv lun bleie dyne,0.05333333333333334,0.3,triller hilla si huske tyn bokre drobbe sestil svømme svart,0.8035714285714286,1.0,0,"['a09', 'a02', 'a34', 'd14', 'a23', 'a11', 'a07', 'a26']","['a26', 'a34', 'a09', 'd14', 'a07', 'a23', 'a09', 'a34', 'a11', 'a02']",words_50_60.wav,../3x10_Concatenations/3x10_score_3_mixed,Medium
3,grave syl ny plaster bart skinke støvel søster søle torne,0.25842696629213485,1.0,kofferts tårnet bygge bra dygne sky krikke grykke blø glitter,0.8421052631578947,1.0,0,"['d05', 'd12', 'a20', 'a09', 'a32', 'a29', 'd14', 'a23', 'a05', 'a15']","['a09', 'a20', 'a29', 'd14', 'd05', 'a05', 'a15', 'd12', 'a23', 'a32']",words_60_70.wav,../3x10_Concatenations/3x10_score_3_mixed,Medium
3,krykke ryke kikkert sky planke skjorte plaster kran ødelagt rød,0.3473684210526316,1.0,svart ekko glør tår blålke løpe stjernet lyre fara rind,0.7142857142857143,1.0,0,"['a04', 'd10', 'd14', 'a23', 'a11', 'a26', 'a33', 'a27']","['a33', 'a27', 'd10', 'a04', 'a11', 'a11', 'a23', 'a27', 'a26', 'd14']",words_70_80.wav,../3x10_Concatenations/3x10_score_3_mixed,Medium
3,sølv kvern koffert kjerne dykke flakse frø sjø kvart kran,0.4266666666666667,1.0,grur karappe stube kjøtt trylle tytte kitten trø blå,0.7719298245614035,1.0,-1,"['a30', 'a02', 'a32', 'a34', 'd13', 'a28', 'a13', 'a08']","['a28', 'a30', 'a30', 'd13', 'a08', 'a28', 'a13', 'a34', 'a32', 'a02']",words_80_90.wav,../3x10_Concatenations/3x10_score_3_mixed,Medium
3,sølv krykke internett brød ugle hytte skjørt krakk glitter hund,0.5056179775280899,1.0,støffel søkkel trykk svøtt frikt blå stupe tone sir brul,0.7777777777777778,1.0,0,"['a14', 'a34', 'a22', 'a07', 'd13', 'a12', 'a08', 'a05', 'a15', 'a33']","['a05', 'a34', 'a07', 'a12', 'd13', 'a15', 'a22', 'a33', 'a14', 'a08']",words_90_100.wav,../3x10_Concatenations/3x10_score_3_mixed,Medium
3,sur bleie krakk skjerf frakk bygge flakse glitter glorie stjerne,0.22988505747126436,1.0,krone fattig stark kikkert kull lille brød søl blent vikkorn,0.765625,1.0,0,"['a30', 'd02', 'a17', 'a09', 'a16', 'a11', 'a18', 'a26', 'd08']","['a30', 'a16', 'd08', 'a09', 'a11', 'a18', 'a16', 'a26', 'd02', 'a17']",words_100_110.wav,../3x10_Concatenations/3x10_score_3_mixed,Medium
3,glorie bleie hjørne dyne støvel krakk krakk fly skitten rød,0.3493975903614458,1.0,sør dår drabb fri lipp knar hitta fraske kjerl krem,0.7796610169491526,1.0,0,"['a09', 'a03', 'a11', 'a25', 'a01', 'a28', 'a05', 'a08', 'a27']","['a08', 'a28', 'a05', 'a05', 'a11', 'a01', 'a25', 'a27', 'a03', 'a09']",words_110_120.wav,../3x10_Concatenations/3x10_score_3_mixed,Medium
3,sport plante kjerne kart pluss lys ku koffert kart kvern,0.43209876543209874,1.0,fyr grupp tørn skuldig frakse bært lytter lytte tone,0.8035714285714286,1.0,-1,"['d08', 'a20', 'a14', 'a32', 'a29', 'a07', 'a25', 'a28', 'a15', 'd09']","['d09', 'a29', 'a14', 'a15', 'a20', 'a28', 'a07', 'd08', 'a32', 'a25']",words_120_130.wav,../3x10_Concatenations/3x10_score_3_mixed,Medium
3,brun planke planke ku krakk svømme drue pluss kropp munn,0.5057471264367817,1.0,kjør kjør kjør kjør kjør kjør kjør kjør kjør kjør kjør kjør kjør kjør kjør kjør kjør kjør kjør kjør kjør kjør kjør kjør kjør kjør kjør kjør kjør kjør kjør kjør kjør kjør kjør kjør kjør kjør kjør kjør kjør kjør kjør kjør kjør kjør kjør kjør kjør kjør kjør kjør kjør kjør kjør kjør kjør kjør kjør kjør kjør kjør kjør kjør kjør kjør kjør kjør kjør kjør kjør kjør kjør kjør kjør kjør kjør kjør kjør kjør kjør kjør kjør kjør kjør kjør kjør kjør kjør kjør kjør kjør kjør kjør kjør kjør kjør kjør kjør kjør kjør kjør kjør kjør kjør kjør kjør kjør kjør kjør kjør kjør kjør kjør kjør kjør kjør kjør kjør kjør kjør kjør kjør kjør kjør kjør kjør kjør kjør kjør kjør kjør kjør kjør kjør kjør kjør kjør kjør kjør kjør kjør kjør kjør kjør kjør kjør kjør,12.821428571428571,14.8,138,"['a02', 'a16', 'a21', 'a10', 'a22', 'a25', 'a12', 'a26', 'a19', 'a06']","['a19', 'a10', 'a16', 'a12', 'a21', 'a06', 'a22', 'a26', 'a25', 'a02']",words_130_140.wav,../3x10_Concatenations/3x10_score_3_mixed,Medium
3,hjørne svart drops trille stupe bart skitten planke briller skilpadde,0.26881720430107525,1.0,krak lite bar sput pruss karn fraske frakse kille dår,0.6811594202898551,1.0,0,"['a17', 'a14', 'a34', 'a23', 'd11', 'd13', 'a25', 'a12', 'a05', 'a19']","['d11', 'a23', 'd13', 'a17', 'a05', 'a25', 'a14', 'a19', 'a34', 'a12']",words_140_150.wav,../3x10_Concatenations/3x10_score_3_mixed,Medium
3,kvart jern glis løve hytte brød smart trykk artist søt,0.3246753246753247,1.0,bramst frætta hvart sol blatt sil grå kraan forteve stene,0.7962962962962963,1.0,0,"['a30', 'a03', 'a32', 'a34', 'a21', 'a12', 'a19', 'a06']","['a30', 'a32', 'a19', 'a06', 'a21', 'a34', 'a21', 'a34', 'a03', 'a12']",words_150_160.wav,../3x10_Concatenations/3x10_score_3_mixed,Medium
3,plystre hjerne hjerne glør trille søster fly skinke støvel rød,0.43209876543209874,1.0,krem selv ligen øre herreke gute hull pristle dikke fåttid,0.7419354838709677,1.0,0,"['a04', 'a02', 'a09', 'a14', 'a21', 'a01', 'a26', 'a05', 'a06']","['a14', 'a01', 'a05', 'a02', 'a21', 'a04', 'a09', 'a26', 'a06', 'a01']",words_160_170.wav,../3x10_Concatenations/3x10_score_3_mixed,Medium
3,syr ørn sverd lytte kort frukt smart hjørne lærer trapp,0.5060240963855421,1.0,kartner brad gris sestel svart skytte kaka likker bla klar,0.8,1.0,0,"['a17', 'a02', 'a32', 'a22', 'a11', 'a01', 'a26', 'a08', 'a06']","['a26', 'a11', 'a22', 'a01', 'a26', 'a06', 'a02', 'a17', 'a32', 'a08']",words_170_180.wav,../3x10_Concatenations/3x10_score_3_mixed,Medium
3,blyant premie hylle blad myk drops glis kort jus sjakk,0.24175824175824176,0.9,lin blomst hjerne bio lykke litte bær krappe bra,0.7037037037037037,1.0,-1,"['a20', 'd16', 'a22', 'a26', 'a28', 'a13', 'a08', 'a06']","['a06', 'a22', 'a08', 'a22', 'a28', 'a22', 'a20', 'a13', 'd16', 'a26']",words_180_190.wav,../3x10_Concatenations/3x10_score_3_mixed,Medium
3,tjern fort glis sylte drops koffert horn plaster svømme blad,0.35802469135802467,1.0,arter pol krøf eggen fri kull brokk grønn lyn tepp,0.7833333333333333,1.0,0,"['d19', 'a17', 'a31', 'd17', 'a29', 'a25', 'a08', 'a27']","['a08', 'a29', 'a27', 'a29', 'd19', 'a25', 'a27', 'a17', 'd17', 'a31']",words_190_200.wav,../3x10_Concatenations/3x10_score_3_mixed,Medium
3,dyne blå blå glass trylle turn skip skive hjort frø,0.39759036144578314,1.0,mus geavern svare frøl jæren bart kruppe keter rød hjelpe,0.8627450980392157,1.0,0,"['a29', 'd14', 'a23', 'a11', 'a25', 'a22', 'a33', 'a05', 'd08']","['d08', 'a05', 'a23', 'd14', 'a05', 'a25', 'a11', 'a29', 'a22', 'a33']",words_200_210.wav,../3x10_Concatenations/3x10_score_3_mixed,Medium
3,start plante smart terning drikke ski prins vindu glis smart,0.5063291139240507,1.0,hjuss hjuss briant svarer sik gloria tjene tund synke fortid bruss,0.8166666666666667,1.1,1,"['a30', 'a04', 'a32', 'a31', 'a10', 'a26', 'a05', 'a15', 'd03', 'a27']","['a05', 'a10', 'a15', 'a26', 'a31', 'a04', 'd03', 'a30', 'a32', 'a27']",words_210_220.wav,../3x10_Concatenations/3x10_score_3_mixed,Medium
3,grave tralle jus start ugle terning horn glass port briller,0.22988505747126436,0.9,vraje godt druet grå kurv findel fløske klys kortner hjerne,0.7288135593220338,1.0,0,"['a02', 'a29', 'd14', 'a23', 'a07', 'a26', 'd03', 'a06']","['d14', 'a29', 'a02', 'a26', 'a06', 'a02', 'd03', 'a23', 'a07', 'a23']",words_220_230.wav,../3x10_Concatenations/3x10_score_3_mixed,Medium
3,kjerne skitten trikk horn hylle knar hjørne børste støvel skinke,0.3333333333333333,1.0,krem hurt kron hjørn støve krupp søma kur kron lys,0.703125,1.0,0,"['a30', 'a02', 'd01', 'a10', 'a21', 'a22', 'a25', 'a01', 'a27']","['a25', 'a27', 'a30', 'd01', 'a02', 'a21', 'a22', 'a01', 'a10', 'a10']",words_230_240.wav,../3x10_Concatenations/3x10_score_3_mixed,Medium
3,kurv tralle løpe prins glass kvern smykke blå fly fjorten,0.43661971830985913,1.0,smart blomst kort mikk krar smikke skjøl renn val tvartid,0.7719298245614035,1.0,0,"['d19', 'a14', 'a16', 'a25', 'd11', 'a01', 'a26', 'd18', 'a15']","['a15', 'a25', 'd19', 'd18', 'a26', 'd11', 'a25', 'a16', 'a14', 'a01']",words_240_250.wav,../3x10_Concatenations/3x10_score_3_mixed,Medium
3,hylle kvern grønn artist fregner blad mus fortid pluss skjorte,0.5074626865671642,1.0,sport krog fortell krek skulle graf skitten tremie bil,0.7903225806451613,1.0,-1,"['d19', 'a17', 'a04', 'a20', 'a02', 'a10', 'a12', 'a05', 'a15', 'd03']","['d03', 'a17', 'a02', 'd19', 'a10', 'a20', 'a05', 'a15', 'a04', 'a12']",words_250_260.wav,../3x10_Concatenations/3x10_score_3_mixed,Medium
3,karneval klem frukt turn grønn trikk start glitter grå lyn,0.20224719101123595,0.9,sølv bra skytten karnevar bort prins løft løft trove skjerm bort,0.8620689655172413,1.1,1,"['d05', 'a17', 'a04', 'a03', 'a14', 'a32', 'a34', 'a12', 'a08', 'a15']","['d05', 'a17', 'a15', 'a12', 'a03', 'a14', 'a34', 'a04', 'a08', 'a32']",words_260_270.wav,../3x10_Concatenations/3x10_score_3_mixed,Medium
3,bryter bryter briller kikkert start hund lyn gris fugl krykke,0.3150684931506849,1.0,blomst svart sterne løve hun lone gliter gull kvart trepp,0.7377049180327869,1.0,0,"['d05', 'a03', 'a14', 'a10', 'a23', 'a12', 'a26', 'a15', 'd03']","['a23', 'd03', 'a14', 'a10', 'a12', 'd05', 'a03', 'a15', 'a23', 'a26']",words_270_280.wav,../3x10_Concatenations/3x10_score_3_mixed,Medium
4,kart rund tre fregner garn krakk krykke pære flue sølv,0.43010752688172044,1.0,siten bleie snikke brå trylle bra fyrte ekko stube kjørt,0.7777777777777778,1.0,0,"['a17', 'a02', 'd10', 'd07', 'a29', 'd11', 'a26', 'a28', 'a19', 'a15']","['a17', 'a26', 'a28', 'a02', 'd10', 'd07', 'd11', 'a19', 'a15', 'a29']",words_0_10.wav,../3x10_Concatenations/3x10_score_4_mixed,Medium
4,lytte skinke tralle skip søppel sjiraff turn klo koffert smart,0.5064935064935064,1.0,stupe fortet sølv bryter kjære ny huske kofarch gris huske,0.7741935483870968,1.0,0,"['a30', 'a20', 'd17', 'a29', 'a10', 'a05', 'a13', 'a19', 'a33', 'a06']","['a13', 'd17', 'a30', 'a20', 'a19', 'a33', 'a06', 'a29', 'a10', 'a05']",words_10_20.wav,../3x10_Concatenations/3x10_score_4_mixed,Medium
4,klær smerte munn drikke dykke skjære ryke skip dykke skjære,0.22666666666666666,1.0,dør glass krab frø port ekko trapp grave start kynke,0.7627118644067796,1.0,0,"['a30', 'a04', 'a14', 'a32', 'a31', 'a29', 'a22', 'a26', 'a28']","['a32', 'a28', 'a26', 'a04', 'a29', 'a22', 'a30', 'a14', 'a04', 'a31']",words_20_30.wav,../3x10_Concatenations/3x10_score_4_mixed,Medium
4,jus pære krabbe karneval torne skjørt skilpadde syr knær knær,0.3132530120481928,1.0,kjenke skulder drykke bror gjerne flue sport lund kon grave,0.8032786885245902,1.0,0,"['a17', 'a14', 'a32', 'a31', 'a34', 'a21', 'd14', 'a25', 'a08']","['a21', 'a25', 'd14', 'a34', 'a31', 'a08', 'a17', 'a32', 'a14', 'a21']",words_30_40.wav,../3x10_Concatenations/3x10_score_4_mixed,Medium
4,flette kran frakk blyant korn start planke skjære skøyter barn,0.43209876543209874,1.0,stynke svalge plut sjørf blad ljø prins kron snøkke gris,0.7419354838709677,1.0,0,"['a30', 'a14', 'a32', 'a16', 'd11', 'a28', 'a15', 'd08']","['a15', 'a28', 'a28', 'a14', 'a16', 'a15', 'd08', 'a30', 'd11', 'a32']",words_40_50.wav,../3x10_Concatenations/3x10_score_4_mixed,Medium
4,sulte søt ekorn kran sil bart dør sølv kikkert blokk,0.5063291139240507,1.0,frukt syma klær snør piss svamme jern sjære kjakk trulle,0.75,1.0,0,"['d05', 'd12', 'a10', 'a21', 'a25', 'a18', 'a26', 'a08', 'd03']","['a25', 'a26', 'd03', 'd05', 'a21', 'a10', 'a25', 'a18', 'a08', 'd12']",words_50_60.wav,../3x10_Concatenations/3x10_score_4_mixed,Medium
4,blad øre prins blyant erter ørn søppel lys brun bryter,0.11494252873563218,0.6,sik fortid brun sigel hille rikke trille frøten hjørne glass,0.8888888888888888,1.0,0,"['a17', 'a04', 'a09', 'a14', 'd07', 'a29', 'a26', 'a13', 'a08', 'd03']","['a13', 'a09', 'a14', 'd07', 'a08', 'a29', 'a17', 'a26', 'd03', 'a04']",words_60_70.wav,../3x10_Concatenations/3x10_score_4_mixed,Medium
4,svømme kikkert karneval blod huske børste ski garn briller jern,0.2247191011235955,0.9,fortidt internet hjøraff flaske jut frø fjord brunn jønn løve,0.7936507936507936,1.0,0,"['a16', 'd14', 'a22', 'd13', 'a26', 'a28', 'a13', 'd09', 'a27']","['d14', 'd13', 'a22', 'a16', 'a28', 'a13', 'd09', 'a26', 'a27', 'd13']",words_70_80.wav,../3x10_Concatenations/3x10_score_4_mixed,Medium
4,kvern glitter grønn kurv drops lytte sjø gutt plaster bygge,0.3373493975903614,1.0,hus krikke lytte gort lærer full kjema hjørne kjørne rød,0.7966101694915254,1.0,0,"['a30', 'a29', 'a21', 'd14', 'a22', 'd11', 'a18', 'a01', 'a15', 'd08']","['a29', 'd08', 'd11', 'a22', 'a18', 'a15', 'a01', 'a21', 'a30', 'd14']",words_80_90.wav,../3x10_Concatenations/3x10_score_4_mixed,Medium
4,sjiraff port smerte barn myk vindu bra glad hus sylte,0.449438202247191,1.0,lyn glitter erter batch hjerte fortid rød sjøt gutt sju,0.8113207547169812,1.0,0,"['d19', 'a20', 'd07', 'a16', 'a10', 'a22', 'a18', 'a33', 'a27']","['a10', 'a22', 'a16', 'a18', 'a33', 'd19', 'a20', 'd07', 'a27', 'a20']",words_90_100.wav,../3x10_Concatenations/3x10_score_4_mixed,Medium
4,synge kjerne skjerm bjørn terning gris øre flakse skilpadde ku,0.5074626865671642,1.0,rike krønn hilla gris sylte hjurt sykkel kjorte gris kronen,0.8064516129032258,1.0,0,"['d02', 'a04', 'a02', 'd17', 'd15', 'a18', 'a26', 'a01', 'a28']","['a18', 'a02', 'd17', 'd15', 'a18', 'd02', 'a04', 'a26', 'a28', 'a01']",words_100_110.wav,../3x10_Concatenations/3x10_score_4_mixed,Medium
4,rike blad bryter bror fjorten munn sulte grønn trille troll,0.05333333333333334,0.3,bjørn gris sikk sjip kuffert orer huske grønn kure seraf,0.711864406779661,0.9,0,"['a14', 'a32', 'a31', 'd06', 'a10', 'a23', 'a18', 'd03', 'a19', 'a33']","['a31', 'a18', 'a10', 'd06', 'a19', 'a33', 'a32', 'd03', 'a23', 'a14']",words_110_120.wav,../3x10_Concatenations/3x10_score_4_mixed,Medium
4,stjerne dyne mur fly pluss plaster skitten dør garn stupe,0.25842696629213485,1.0,barn bar krikke kofet fortid rød sjema frø kulf litte,0.7894736842105263,1.0,0,"['a17', 'a32', 'd10', 'd17', 'a21', 'a11', 'a05', 'a13', 'd03']","['a05', 'd17', 'a17', 'd10', 'd10', 'a13', 'd03', 'a11', 'a32', 'a21']",words_120_130.wav,../3x10_Concatenations/3x10_score_4_mixed,Medium
4,tjern flette fjorten skive hytte bro karneval flette mus skinke,0.3473684210526316,1.0,krabbe kart kjerne kjør gine flue søt sviter vindun tårn,0.7777777777777778,1.0,0,"['a30', 'd02', 'a17', 'd10', 'd07', 'a25', 'a18', 'a05', 'a33']","['a33', 'a05', 'a25', 'a25', 'd10', 'd07', 'a30', 'a18', 'd02', 'a17']",words_130_140.wav,../3x10_Concatenations/3x10_score_4_mixed,Medium
4,svømme skjorte tre børste tjern internett brun trapp hytte skjerf,0.4266666666666667,1.0,bare smikke sky ør for tid lin krok plaster fort løpe,0.7230769230769231,1.1,1,"['d19', 'a04', 'd16', 'd07', 'd01', 'a16', 'd13', 'a12', 'a08', 'a15']","['d19', 'd13', 'd16', 'a04', 'd01', 'a15', 'a08', 'd07', 'a16', 'a12']",words_140_150.wav,../3x10_Concatenations/3x10_score_4_mixed,Medium
4,blokk ni tårn artist klær skjerm synge syl sky kart,0.5056179775280899,1.0,troll barn hun karneval lys svære skjern brun beror lys,0.7843137254901961,1.0,0,"['a31', 'a21', 'a22', 'a01', 'a26', 'a13', 'd08', 'a27']","['a13', 'a26', 'a22', 'a31', 'a21', 'd08', 'a01', 'a26', 'a27', 'a26']",words_150_160.wav,../3x10_Concatenations/3x10_score_4_mixed,Medium
4,bart brun frakk flette krakk børste blokk grave støvel kropp,0.22988505747126436,1.0,prante premi bær gull orn keister kjøkk jord mur skjerm,0.7666666666666667,1.0,0,"['d05', 'd02', 'd10', 'd07', 'a34', 'd15', 'a26', 'a05', 'd03', 'a06']","['a05', 'd15', 'd03', 'a26', 'd05', 'a06', 'd10', 'd02', 'a34', 'd07']",words_160_170.wav,../3x10_Concatenations/3x10_score_4_mixed,Medium
4,glorie krabbe frø buss by skjerm bart plaster trapp svart,0.3493975903614458,1.0,kan tone der brår grønn frek gull blanke tron nydel,0.7368421052631579,1.0,0,"['a04', 'd12', 'a20', 'a14', 'a34', 'a29', 'a21', 'a33']","['a14', 'a20', 'a34', 'a21', 'a33', 'a04', 'd12', 'd12', 'a04', 'a29']",words_170_180.wav,../3x10_Concatenations/3x10_score_4_mixed,Medium
4,kart dyne enhjørning nøkkel tårn lærer glass ryke sykkel fortid,0.43209876543209874,1.0,bror skulde lytte sørre løpe børste engjørning gris hitte sulte,0.8571428571428571,1.0,0,"['d12', 'a09', 'd06', 'a34', 'a23', 'a26', 'a19', 'a33']","['d12', 'a26', 'a19', 'a33', 'd06', 'a33', 'a34', 'a34', 'a23', 'a09']",words_180_190.wav,../3x10_Concatenations/3x10_score_4_mixed,Medium
4,hjørne vindu hjørne klem kjerne pluss skjørt skjorte rund troll,0.5057471264367817,1.0,sjø svenne troll nøkkel trille stupe bra lite forto sy,0.7301587301587301,1.0,0,"['d09', 'a04', 'd16', 'a03', 'a29', 'a01', 'a28', 'a13', 'a33']","['a01', 'a04', 'a33', 'a01', 'a29', 'd16', 'a13', 'a03', 'd09', 'a28']",words_190_200.wav,../3x10_Concatenations/3x10_score_4_mixed,Medium
4,fugl hjort sjiraff kropp planke svømme bleie hjerte hus blå,0.26881720430107525,1.0,mus batch kira nackyl snør svart fort kjære svart mus,0.7288135593220338,1.0,0,"['a17', 'a14', 'a32', 'a29', 'a25', 'a01', 'a28', 'd03', 'd08']","['a17', 'd08', 'a01', 'a28', 'a32', 'a01', 'a25', 'a14', 'd03', 'a29']",words_200_210.wav,../3x10_Concatenations/3x10_score_4_mixed,Medium
4,sky torne flue frakk søppel pute pære dykke lyn karneval,0.3246753246753247,1.0,pot rønn sjø frukt sjø spart rønn sjødpadde svart jan,0.7321428571428571,1.0,0,"['a30', 'a20', 'a32', 'a29', 'd14', 'a23', 'a22', 'a25', 'a15']","['a32', 'a29', 'd14', 'a30', 'a23', 'a23', 'a15', 'a20', 'a22', 'a25']",words_210_220.wav,../3x10_Concatenations/3x10_score_4_mixed,Medium
4,myk glitter bror kart løpe skjema sverd frakk dyne krakk,0.43209876543209874,1.0,kropp kjerat lue breie snø rød klær synke tårn sjøtt,0.7678571428571429,1.0,0,"['a20', 'd04', 'a09', 'a14', 'a32', 'a31', 'a10', 'a21', 'a33', 'd09']","['a21', 'd09', 'd04', 'a31', 'a14', 'a32', 'a33', 'a20', 'a09', 'a10']",words_220_230.wav,../3x10_Concatenations/3x10_score_4_mixed,Medium
4,rund kropp støvel kvern stupe hjerte sur lærer ødelagt drikke,0.5060240963855421,1.0,hjørte fjorten bro ny hjørte hytte sjømme forte flakse bar,0.8032786885245902,1.0,0,"['d05', 'a30', 'd16', 'a31', 'a22', 'd13', 'a18', 'a05', 'd09']","['d05', 'd16', 'a30', 'd13', 'a22', 'a05', 'a31', 'a18', 'd09', 'a30']",words_230_240.wav,../3x10_Concatenations/3x10_score_4_mixed,Medium
4,ødelagt flue brå pute gul frø mur karneval blå grå,0.24175824175824176,0.9,inne bar lir knær fyt snur trapp glø kloten,0.78,1.0,-1,"['d08', 'a02', 'a31', 'd06', 'a29', 'a21', 'd14', 'a33']","['a02', 'd08', 'a33', 'a31', 'a21', 'd06', 'a29', 'd14', 'd06', 'a29']",words_240_250.wav,../3x10_Concatenations/3x10_score_4_mixed,Medium
5,nøkkel blyant skjørt kart glitter trylle ekorn lue fort fortau,0.35802469135802467,1.0,glass snø kø kjema glår huske barn kom gull mys,0.7096774193548387,1.0,0,"['d12', 'd04', 'd16', 'd06', 'd14', 'a22', 'd11', 'd13']","['d13', 'd12', 'd06', 'a22', 'd04', 'd13', 'd16', 'd11', 'd14', 'd16']",words_0_10.wav,../3x10_Concatenations/3x10_score_5_mixed,Medium
5,skulder blad korn dyne bygge øre gul krone søppel troll,0.39759036144578314,1.0,linn glad bror internet korn ødlappet søster nøre port singe,0.8,1.0,0,"['d04', 'd10', 'd01', 'a34', 'd11', 'd13', 'd03']","['d10', 'd13', 'd03', 'd01', 'd11', 'a34', 'd04', 'd03', 'a34', 'd03']",words_10_20.wav,../3x10_Concatenations/3x10_score_5_mixed,Medium
5,blokk flagg skjerf jern snø blokk skjørt fly kikkert skjorte,0.5063291139240507,1.0,kø trallet skjerm brød skulder klem smør kitten bro dør,0.7,1.0,0,"['d19', 'd12', 'a20', 'd04', 'd16', 'a02', 'a31', 'd14', 'd13']","['d19', 'd14', 'd12', 'd04', 'd04', 'd16', 'a20', 'd13', 'a02', 'a31']",words_20_30.wav,../3x10_Concatenations/3x10_score_5_mixed,Medium
5,pære gutt gris ugle dør jus frukt flagg støvel skulder,0.22988505747126436,0.9,smarte snurr barn synke børste støffel ugler kløver lyn kris,0.7962962962962963,1.0,0,"['d05', 'd02', 'a20', 'd16', 'd01', 'd15', 'd14', 'd18', 'a27']","['a20', 'd01', 'd15', 'd05', 'd16', 'd18', 'd15', 'd02', 'd14', 'a27']",words_30_40.wav,../3x10_Concatenations/3x10_score_5_mixed,Medium
5,skitten garn sil klem koffert premie ødelagt skinke løve øre,0.3333333333333333,1.0,dørning ikon børste glass go-fort fort i fortil kjema kon hun krakke,0.8333333333333334,1.2,2,"['a04', 'd07', 'a31', 'd17', 'a10', 'd14', 'a18', 'd03', 'd09']","['d14', 'd03', 'a18', 'd17', 'd03', 'd09', 'a04', 'd07', 'a31', 'a10']",words_40_50.wav,../3x10_Concatenations/3x10_score_5_mixed,Medium
5,huske planke fortau søster barn fortid sjiraff artist blyant skøyter,0.43661971830985913,1.0,krakk shing kran snø huske hjørne blad freiner lin sjørf,0.7205882352941176,1.0,0,"['d02', 'd16', 'a31', 'd07', 'd17', 'd13', 'd18', 'a19', 'd08']","['d16', 'd13', 'd17', 'd18', 'a31', 'd18', 'a19', 'd08', 'd02', 'd07']",words_50_60.wav,../3x10_Concatenations/3x10_score_5_mixed,Medium
5,skjerf skjerf kart brå fly blomst lytte gartner korn internett,0.5074626865671642,1.0,lykke frakk men fløtta bleie kort lytte klappe fortau fly,0.6935483870967742,0.9,0,"['a17', 'd16', 'd07', 'a34', 'd17', 'd18', 'a19', 'd09']","['a17', 'd07', 'd18', 'a17', 'd16', 'a34', 'd09', 'd17', 'd07', 'a19']",words_60_70.wav,../3x10_Concatenations/3x10_score_5_mixed,Medium
5,fjorten snørr skip støvel fugl børste munn smart kart flette,0.20224719101123595,0.9,bus korn støvel hjort garn snør kira fløtte munn kjørt,0.75,1.0,0,"['d05', 'd02', 'd16', 'd07', 'd01', 'd13', 'a19', 'd03']","['d02', 'd03', 'd07', 'd01', 'd05', 'd07', 'd13', 'a19', 'd02', 'd16']",words_70_80.wav,../3x10_Concatenations/3x10_score_5_mixed,Medium
5,smør plaster artist hund hjerte bygge synge sil sjø by,0.3150684931506849,1.0,tone internet mus tin kjørt sjøle snør sik tal internet,0.7407407407407407,1.0,0,"['d04', 'a32', 'd07', 'd06', 'd15', 'd13', 'd18', 'a15']","['d18', 'd04', 'd13', 'a15', 'd06', 'd18', 'd07', 'a32', 'd15', 'd15']",words_80_90.wav,../3x10_Concatenations/3x10_score_5_mixed,Medium
5,søt syr flaske ødelagt dykke flaske søt lys brød internett,0.43010752688172044,1.0,fort løve briller krone kart fort frakse sju skig rå,0.7758620689655172,1.0,0,"['d07', 'a31', 'd14', 'd11', 'a33', 'd18', 'a19', 'd09']","['d07', 'a19', 'd14', 'd18', 'd09', 'a33', 'd14', 'a19', 'd11', 'a31']",words_90_100.wav,../3x10_Concatenations/3x10_score_5_mixed,Medium
5,garn børste skøyter brun buss dykke grå torne skjære trapp,0.5064935064935064,1.0,sju fjendel steddel floss bleie flakk karch grønn horn flye,0.7931034482758621,1.0,0,"['d05', 'd02', 'a20', 'd16', 'd01', 'a16', 'd15', 'a23', 'd14', 'a33']","['d05', 'a23', 'd15', 'd02', 'a33', 'd14', 'a16', 'd16', 'a20', 'd01']",words_100_110.wav,../3x10_Concatenations/3x10_score_5_mixed,Medium
5,myk bro klappe jern pute bart torne lyn gutt snø,0.22666666666666666,1.0,kjørk trapp brunn hjerne karneval syk søt skj tunn smør,0.7916666666666666,1.0,0,"['a30', 'd02', 'a09', 'd06', 'd01', 'd15', 'a18', 'd18', 'a19']","['a18', 'd18', 'd15', 'a19', 'd01', 'a09', 'd06', 'd01', 'a30', 'd02']",words_110_120.wav,../3x10_Concatenations/3x10_score_5_mixed,Medium
5,gutt munn vindu drops snørr kropp blå sjiraff nøkkel brød,0.3132530120481928,1.0,sjø ball ful kran start køyter kull port troll fyrk,0.7543859649122807,1.0,0,"['d02', 'a17', 'a04', 'd12', 'd01', 'd18', 'd03', 'd08', 'a27']","['a17', 'a27', 'd12', 'a04', 'd18', 'd08', 'd01', 'd01', 'd03', 'd02']",words_120_130.wav,../3x10_Concatenations/3x10_score_5_mixed,Medium
5,glass artist sju skjerf snørr vær lue stupe enhjørning sil,0.43209876543209874,1.0,lytte stønner sli snør løve trollet rød flaske,0.7241379310344828,1.0,-2,"['d02', 'd05', 'd16', 'd04', 'a14', 'd17', 'a16', 'a23', 'a19']","['d02', 'd05', 'a14', 'a16', 'a19', 'a16', 'd16', 'd17', 'd04', 'a23']",words_130_140.wav,../3x10_Concatenations/3x10_score_5_mixed,Medium
5,briller myr bleie stjerne tre hjerne sur drops gutt bra,0.5063291139240507,1.0,smart størr smørr kropp troll lys lytte frukt fyr mur,0.8363636363636363,1.0,0,"['a30', 'd05', 'd02', 'd01', 'a16', 'd15', 'd13', 'a06']","['d15', 'a30', 'd02', 'd02', 'd01', 'd05', 'a16', 'a06', 'd13', 'a16']",words_140_150.wav,../3x10_Concatenations/3x10_score_5_mixed,Medium
5,hjort rød hjørne mus briller syk kort hylle skjære blyant,0.3333333333333333,1.0,gartner lin dør snø hytte grå klappe ku fortid sort hjorte,0.8070175438596491,1.1,1,"['d16', 'a14', 'd10', 'd06', 'd15', 'a23', 'd18', 'a33', 'a06']","['d18', 'a14', 'd10', 'a06', 'd06', 'd16', 'a33', 'a33', 'a23', 'd15']",words_150_160.wav,../3x10_Concatenations/3x10_score_5_mixed,Medium
5,gartner brun grå klo bart sylte by dykke drops planke,0.4492753623188406,1.0,løve flaske stjerne internet gud bryter gull løve kran søt,0.9245283018867925,1.0,0,"['d08', 'd04', 'd07', 'd17', 'd01', 'a18', 'd18', 'a08', 'a33']","['d08', 'd18', 'd18', 'd17', 'd07', 'a33', 'd01', 'a18', 'a08', 'd04']",words_160_170.wav,../3x10_Concatenations/3x10_score_5_mixed,Medium
5,blad krykke klappe kø tårn søppel øre blyant klo skjørt,0.5079365079365079,1.0,flette svart kikke hylle sikk kull dør dyne frø kø,0.7636363636363637,1.0,0,"['d02', 'd04', 'a14', 'd10', 'd01', 'd15', 'a22', 'd13', 'd18']","['a14', 'd04', 'd18', 'd10', 'd02', 'd13', 'a22', 'd01', 'd10', 'd15']",words_170_180.wav,../3x10_Concatenations/3x10_score_5_mixed,Medium
5,øre fugl grå trylle internett frakk tynn nøkkel mur buss,0.3253012048192771,1.0,lapa lys premi skjema plaster vindu jern glitter syk tinn,0.8392857142857143,1.0,0,"['d02', 'a14', 'd07', 'd17', 'd01', 'a18', 'a13']","['d17', 'd07', 'd07', 'a14', 'a18', 'd02', 'd01', 'd01', 'a14', 'a13']",words_180_190.wav,../3x10_Concatenations/3x10_score_5_mixed,Medium
5,bart lys by søt glad bleie artist skip drops sky,0.3972602739726027,1.0,bus garn gutt dino huske kravda sheep tanning hus syroff,0.875,1.0,0,"['a17', 'd12', 'd01', 'a10', 'd11', 'a19', 'a28', 'a08', 'd03']","['d01', 'a08', 'a10', 'd12', 'd01', 'd11', 'a19', 'd03', 'a28', 'a17']",words_190_200.wav,../3x10_Concatenations/3x10_score_5_mixed,Medium
5,pluss synge rød turn blomst søster barn trapp drops fortid,0.5060240963855421,1.0,troll lærer brød hjort trakk barn menn hjelme bus kropp,0.7758620689655172,1.0,0,"['d05', 'd16', 'a16', 'd14', 'd11', 'd13', 'a18', 'a01', 'd03']","['a01', 'd14', 'a18', 'd16', 'd16', 'd05', 'd03', 'd13', 'a16', 'd11']",words_200_210.wav,../3x10_Concatenations/3x10_score_5_mixed,Medium
5,gutt plystre øre skjære skjema jus fregner blokk myr lue,0.3384615384615385,1.0,søppel bus flagg sy bus blå sy munn hytte skyten,0.8392857142857143,1.0,0,"['a32', 'a16', 'd15', 'd14', 'd11', 'a33', 'd18', 'a19', 'd09']","['d11', 'a32', 'a19', 'd09', 'd15', 'd14', 'a33', 'd15', 'a16', 'd18']",words_210_220.wav,../3x10_Concatenations/3x10_score_5_mixed,Medium
5,løve tralle torne søppel sjø syk skjerf stær gutt jus,0.42857142857142855,1.0,plantet løve skjørt sjø rød b stupe skjerm tre mur,0.6981132075471698,1.0,0,"['d02', 'd12', 'd10', 'a29', 'd11', 'd13', 'a19', 'd08', 'a27']","['d11', 'd02', 'd08', 'd12', 'd10', 'a27', 'd13', 'a19', 'a29', 'a27']",words_220_230.wav,../3x10_Concatenations/3x10_score_5_mixed,Medium
5,børste kø port snø skive dør briller flaske lys bjørn,0.5072463768115942,1.0,tinn snø dyle tone lærer hytte kværl flaske kille kjære,0.7169811320754716,0.9,0,"['d16', 'd10', 'd06', 'd17', 'd15', 'a21', 'd18', 'd03', 'a33']","['d15', 'a33', 'd10', 'd06', 'a21', 'd17', 'd03', 'd16', 'd18', 'd17']",words_230_240.wav,../3x10_Concatenations/3x10_score_5_mixed,Medium
5,søle grå flue snø svare flette søppel drikke kurv bro,0.36,0.9,troll brød sotte kropp gutt flakse ryke svart bjørn enyolning,0.8867924528301887,1.0,0,"['a30', 'd16', 'a31', 'd01', 'a23', 'd13', 'a19', 'a06']","['d13', 'a31', 'd16', 'a31', 'a23', 'd01', 'a06', 'a19', 'a30', 'a30']",words_240_250.wav,../3x10_Concatenations/3x10_score_5_mixed,Medium
5,tynn stjerne hjerne smart kropp skjerm by hjerte hjerte lytte,0.47474747474747475,1.0,kran kjørt søt planta vart rød druet gud liggelig dør,0.7868852459016393,1.0,0,"['d02', 'd12', 'a20', 'd16', 'd10', 'd14', 'a11', 'd18', 'a08', 'd03']","['d10', 'd16', 'd12', 'd02', 'a20', 'a11', 'a08', 'd14', 'd03', 'd18']",words_250_260.wav,../3x10_Concatenations/3x10_score_5_mixed,Medium
5,drops gul tre gutt ødelagt jus hund dyne flakse sølv,0.5063291139240507,1.0,planket husket planket kjørt vørste hus briller jernet plante kjørte,0.9230769230769231,1.0,0,"['a30', 'a17', 'd12', 'a32', 'a29', 'd15', 'd03', 'a33', 'a27']","['a32', 'd12', 'a27', 'a33', 'a30', 'a33', 'd03', 'd15', 'a29', 'a17']",words_260_270.wav,../3x10_Concatenations/3x10_score_5_mixed,Medium
5,flette tynn trapp barn løpe rund sju frukt kurv hus,0.34177215189873417,1.0,hitte rund flaske dys dyne dyne gutt ryke sølv klappe,0.7254901960784313,1.0,0,"['a17', 'd12', 'd06', 'a16', 'a22', 'd11', 'a01', 'a08']","['d11', 'd06', 'a22', 'a16', 'a01', 'a08', 'd11', 'a17', 'd12', 'a16']",words_270_280.wav,../3x10_Concatenations/3x10_score_5_mixed,Medium
5,sjø briller skjære skjorte svømme fort hjort klo lun internett,0.4639175257731959,1.0,søt kvær søle myk start ekkoen klo rund grønn syk,0.6612903225806451,1.0,0,"['d05', 'd16', 'd04', 'd07', 'a16', 'a29', 'a33', 'a05', 'd09']","['d09', 'd07', 'a33', 'd16', 'a05', 'd05', 'd16', 'd04', 'a16', 'a29']",words_280_290.wav,../3x10_Concatenations/3x10_score_5_mixed,Medium
5,bart kropp børste plante hjort bleie plante gutt kurv kart,0.5063291139240507,1.0,stupet suge glore bjørn plante tin lund hun bryter tin,0.7413793103448276,1.0,0,"['d19', 'd05', 'd16', 'd04', 'd17', 'd15', 'd11', 'a18', 'd03']","['d17', 'a18', 'd03', 'd15', 'd19', 'd16', 'd11', 'd04', 'd05', 'd05']",words_290_300.wav,../3x10_Concatenations/3x10_score_5_mixed,Medium
5,skjorte brun lys svære kort mus ku kvern hjørne ødelagt,0.345679012345679,1.0,ødelagt by sjø briller blomst kremi start flue skjærf snø,0.8727272727272727,1.0,0,"['d05', 'a17', 'a20', 'd04', 'a14', 'a32', 'd17', 'd01', 'a18']","['d01', 'a32', 'a18', 'a17', 'd17', 'a20', 'a14', 'd04', 'd05', 'a18']",words_300_310.wav,../3x10_Concatenations/3x10_score_5_mixed,Medium
5,dyne ski børste kø gartner bra bjørn søppel nøkkel fugl,0.4050632911392405,1.0,fortid briller sjø kjorte sø kuts stupe søt ukle blå,0.7454545454545455,1.0,0,"['d19', 'a17', 'd12', 'd10', 'a31', 'd06', 'd11', 'a26', 'd18']","['d18', 'd06', 'd11', 'a17', 'd06', 'a31', 'd10', 'a26', 'd19', 'd12']",words_310_320.wav,../3x10_Concatenations/3x10_score_5_mixed,Medium
